,comment_id,comment_parent_id,comment_body,comment_link_id
0,f6xz2bn,t3_dtmyxw,"If you don't want to die:

Drink every time someone admits they were wrong.",t3_dtmyxw
1,f6xra5u,t3_dtmyxw,"One shot for every ""No one is above the law""",t3_dtmyxw
2,f6y0psa,t3_dtmyxw,"If you still have a witches hat laying around from Halloween, you can have a person wear it. It'll rotate around the room on time or whenever a new person is introduced during proceedings. Whenever the term witch Hunt is used you all scream burn the witch and the person in the hat takes a shot of fireball",t3_dtmyxw
3,f6xz0d0,t3_dtmyxw,"Most of these suggestions are jokes about drinking continuously but if you want a drinking game that‚Äôs really about the fundamental impact of the hearings: 

1. Every time a witness suddenly realizes ‚Äúoh no, I shouldn‚Äôt have said that.‚Äù

2. Every time a GOP questioner suddenly realizes ‚Äúoh no, I shouldn‚Äôt have asked that.‚Äù

3. Every time a carefully crafted narrative falls apart and the witness is redirected into explaining a contradiction between their testimony and; 

(a) previous statements,        
(b) previous testimony,       
(c) written evidence.",t3_dtmyxw
4,f6xy3ma,t3_dtmyxw,When it goes to the senate I‚Äôm going to tape a cherry tomato to my TV and see how many times McConnell‚Äôs mouth goes near it.,t3_dtmyxw
5,f6xzgiu,t3_dtmyxw,"Hello all you Youtube channels and clickbait ""news"" websites shamelessly stealing the responses from this and claiming them as your own. I see you.",t3_dtmyxw
6,f6xqgp6,t3_dtmyxw,Drink every time someone doesn't answer the question,t3_dtmyxw
7,f6xssxv,t3_dtmyxw,I don't recall = drink.,t3_dtmyxw
8,f6xqi61,t3_dtmyxw,"A shot of peach shnapps (which is beyond gross, IMHO) every time you hear the word ""impeach""

A shot of Jaeger every time you hear the word ""Tremendous""",t3_dtmyxw
9,f6xt0yn,t3_dtmyxw,"International Drinking Rules :

Every time a county is name checked in the impeachment hearing, you must drink a shot of the most famous national drink..... 

Russia - Vodka 

Ukraine - Horlika 

China - Baijiu

USA - Bourbon",t3_dtmyxw
10,f6xqocr,t3_dtmyxw,"Rules? If there's anything we should have learned in the last few years, it's that there are no rules. Drink whenever, and then try to dodge the consequences the day after.",t3_dtmyxw
11,f6xts7l,t3_dtmyxw,"Rule 1: Drink heavily to dull the pain.

Rule 2: There is no rule 2.",t3_dtmyxw
12,f6xlo4e,t3_dtmyxw,Take a drink every time Russia is mentioned.,t3_dtmyxw
13,f6xocfh,t3_dtmyxw,There‚Äôs gonna be a lot of people needing liver transplants after this week...,t3_dtmyxw
14,f6xq0wm,t3_dtmyxw,Drink every time PBS is threatened with defunding,t3_dtmyxw
15,f6xlx0y,t3_dtmyxw,"If we turn the impeachment hearings into a drinking game, we better have a death count on the screen to, to count how many people got alcohol poisoning from playing the drinking game",t3_dtmyxw
16,f6xlpdy,t3_dtmyxw,Take a shot every time you hear quid pro quo and try not to die.,t3_dtmyxw
17,f6xrxdv,t3_dtmyxw,Every time Gym Jordan doesn't have on a jacket...drink.,t3_dtmyxw
18,f6xqtqw,t3_dtmyxw,"Take a shot every time one of the following is mentioned:

* Fake News
* Witch Hunt
* Civil War

Take a shot every time someone:

* Makes a question irrelevant to the proceedings to try and confuse the issue
* Brings up whataboutism
* dodges the question instead of answering it
* blames the other party
* blames someone else not party affiliated
* blames someone else within their party
* returns a question with an insult instead of an answer

I figure you'll be unconscious within fifteen minutes to a half an hour, depending on your tolerance.",t3_dtmyxw
19,f6xp1zp,t3_dtmyxw,Take a shot whenever Putin is mentioned.,t3_dtmyxw
20,f6xrczx,t3_dtmyxw,Take a drink every time you catch a [rhetorical fallacy](http://www.mvrhs.org/englishdept/shark/links/General%20Information/Rhetorical%20Fallacies%20U.%20Texas%20@%20Austin.pdf) of any kind (2-page PDF warning),t3_dtmyxw
21,f6y059r,t3_dtmyxw,"The moment anyone says anything, remain stone cold sober watching every last second and remembering how we wound up in this situation.",t3_dtmyxw
22,f6xq17a,t3_dtmyxw,Scroll on Twitter under the Hashtag at the same time and drink everytime someone mentions they would start a civil war if Trump is impeached,t3_dtmyxw
23,f6xsap0,t3_dtmyxw,"Open bottle, drink until empty. Repeat. 

You will need it.",t3_dtmyxw
24,f6xrw4y,t3_dtmyxw,"I've been playing this drinking game since 2016. I'm not sure how much my liver can take.   
Edit-joke's on me, apparently imma champ...cheers!",t3_dtmyxw
25,f6xuxfm,t3_dtmyxw,Take a shot for every person you register to vote for the 2020 elections #democracy,t3_dtmyxw
26,f6xqkgl,t3_dtmyxw,"Take a shot for...

- Hillary's emails
- Hunter Biden
- If anyone says MAGA in its abbreviated or full form
- Do nothing Democrats
- A trump tweet containing the phrase ""Witch Hunt"" with at least one spelling error in the tweet
- Perfect Phone Call


Finish your drink for...

- Trump promoting an anti Hillary video on twitter
- Any mention of cofveve
- A red herring involving MS13
- Any mention of Xi or Putin by a Republican

Power hour starts with... 

- Ivanka promoting her brand or getting new chinese patents

- Absolutely any mention of Baron by a member of the trump family

- Trump saying the words ""Fuck"" or ""Shit"" on live TV.

Edit: Holy wah, thanks for the plat. Now i feel like I have to actually do this.",t3_dtmyxw
27,f6xse3t,t3_dtmyxw,"Take a drink anytime:

1)A republican complains about the process being unfair

2) A republican questions the motives of a witness

3) A republican mentions Hillary, Biden or Obama

4) A democrat mentions Russia, Ukraine or the Mueller Report

5) Anyone utters the words ""quid pro quo""

6) A republican declares the process a waste of time.

Shoot a whole bottle of jack if:

1)A republican admits that Donald Trump did something wrong

2) A democrat says the process is a waste of time.


Have fun and may you not get alcohol poisoning.",t3_dtmyxw
28,f6xz36p,t3_dtmyxw,"Take a shot every time a republican calls for a ‚Äúyes‚Äù and ‚Äúno‚Äù vote and makes them tally every vote.

Take a shot every time someone pulls their phone out and doesn‚Äôt act like they care about the hearings

Take a shot every time they ask to repeat the question",t3_dtmyxw
29,f6xyf2a,t3_dtmyxw,"Maybe take a drink every time someone answers a question honestly the first time it's asked? You know, like, if you have to drive afterward or something.",t3_dtmyxw
30,f6xtemw,t3_dtmyxw,Can someone give me a run down on what‚Äôs happening? I‚Äôm completely fucking stupid and I live under a rock.,t3_dtmyxw
31,f6xpsgr,t3_dtmyxw,"Everytime a felony is added to the list take a drink.

I'm assuming he's going to live tweet. So everytime he angrily responds to an accusation take a drink.

If his tweet mentions ""witch hunt"" or insults the Democrats take two drinks.

If he specifically calls out Nancy Pelosi or AOC take three drinks.

Everytime a Congress person asks a stupid question take a drink.

Everytime Republicans conveniently move their criteria for impeachment take small a sip (they are going to be doing this a lot. You don't want to get alchohol poisoning)",t3_dtmyxw
32,f6xsm8p,t3_dtmyxw,One if by land two if by sea,t3_dtmyxw
33,f6yu4hw,t3_dtmyxw,"TRUMP-2-DRUNK DRINKING GAME

Player(s): 1 to Infinite

Age: 18/21 (depending on legality in your region)

Timeframe: As long as you can hold a beverage in your hand, because this might take awhile

Rules: Every player sits in front of the TV, with a beverage in hand (you should choose a good session beverage, this is going to get you proper fucked). As the impeachment process is progressing, players should be listening for the various chugging rules. When a rule is violated, each player must take a sip from their respective beverage. Don't rush this, honestly - be smart.

Chug Rules

* When someone says ""Quid Pro Quo"", raise your drink and salute, then chug

* When someone calls the whistleblower a liar/traitor, make a pirate arrrgh and sip

* When anyone uses a whataboutism, stand up, spin around 360, and consume

* If anyone mentions ""fake news"", smack your forehead and say ""duh"", then imbibe

* If anyone mentions Giuliani, take the little green man off your glass, then take a glug

* Put your thumb on the table anytime someone says ""witch hunt:, and the last person to do so takes one

* Whenever Pelosi is mentioned, the first person to ""Pelosi clap"" can give a drink to another player

* If someone says ""Trump has done nothing illegal"", everyone make a siren sound and guzzel",t3_dtmyxw
34,f6xwd0z,t3_dtmyxw,"Shot every time the narrative changes between ""There was no quid pro quo"" and ""There was quid pro quo but that's fine.""",t3_dtmyxw
35,f6xrocp,t3_dtmyxw,"Every time someone refuses to answer a direct question ( whether through dancing around it or saying they can‚Äôt recall, or can‚Äôt answer etc ) chug for 3 seconds. Hopefully this helps you get through one person without dying for alcohol poisoning 

Or

Every time someone says Trump - take a shot",t3_dtmyxw
36,f6xryrh,t3_dtmyxw,Just drink constantly.  Don't stop drinking until this whole goddamn thing is over and we can get back to the real reality we split off from in 2012.,t3_dtmyxw
37,f6xqlv1,t3_dtmyxw,Promise to give up drinking if Trump gets impeached.,t3_dtmyxw
38,f6xosrr,t3_dtmyxw,"1 drink: every time the same Trump or Biden is mentioned

2 drinks: every time Ukraine is mentioned

3 drinks: every time ‚Äúimpeach‚Äù or ‚Äúimpeachment‚Äù is said 

Finish your drink: every time someone takes one of those awkward gulps of water",t3_dtmyxw
39,f6xy3b8,t3_dtmyxw,Please don't do this. You'll all die of alcohol poisoning no matter what the rules are.,t3_dtmyxw
40,f6y4k9a,t3_dtmyxw,"Nice try, funeral companies",t3_dtmyxw
41,f6xvtqs,t3_dtmyxw,every time you want the world to end Drink a bottle of Whiskey,t3_dtmyxw
42,f6xxxbr,t3_dtmyxw,"Watch it with someone from the other side of the fence, and each of you drinks every time the other says something you think is obviously dumb. You'll both be hammered in minutes.",t3_dtmyxw
43,f6xtqqf,t3_dtmyxw,We all just tweet 'Sad' After we finish a bottle,t3_dtmyxw
44,f6xqyz9,t3_dtmyxw,"How about every time a Congressman (or woman) asks a question and then interrupts the person trying to answer it, we hit ourselves in the side of the head with a hammer?",t3_dtmyxw
45,f6xzvsp,t3_dtmyxw,"I like beer. I drank beer, I still drink beer. I like beer. Do you like beer, Senator?",t3_dtmyxw
46,f6xxw51,t3_dtmyxw,The past three years has already done enough damage to my liver - I'm going to put together impeachment bingo cards instead.,t3_dtmyxw
47,f6xzpdl,t3_dtmyxw,"I assume that every rule-set degenerates to, ""drink non-stop until drinking more is no longer possible."" Whether that is because you have run out of digestive space, are too drunk to successfully consume additional liquor, or are dead will depend on the individual.",t3_dtmyxw
48,f6xslph,t3_dtmyxw,"Drink every time you hear ""Clinton""",t3_dtmyxw
49,f6xuy49,t3_dtmyxw,"Take a drink everytime someone answers a question with ""I don't remember.""",t3_dtmyxw
50,f6xy5af,t3_dtmyxw,"Shot of tequila for president 

shot of vodka for trump",t3_dtmyxw
51,f6xzd9o,t3_dtmyxw,"""The American people...""",t3_dtmyxw
52,f6y068l,t3_dtmyxw,"Drink every time you lose faith in our country

I play this drinking game every day",t3_dtmyxw
53,f6yioeq,t3_dtmyxw,"You can do the classic ""mustache game"" by taping a mustache to the TV & drinking anytime someones face aligns with it. 
Also works well with a hat",t3_dtmyxw
54,f6xn445,t3_dtmyxw,Drink whenever. We're all doomed anyway.,t3_dtmyxw
55,f6xvblw,t3_dtmyxw,"Not relevant, but this question reminds me of the lord of the rings drinking game. The rules were: 

1. Anytime there's a panoramic scenery shot.
2. Anytime there's a close-up of the ring.
3. Several others that didn't come up very much.
4. Whenever Frodo makes a face like he's cumming. 

Definitely the best drinking game, and also the most I've had to drink in a day, ever. Pretty sure I made it halfway through the first extended edition before I had to pass on a lot of the drinks.",t3_dtmyxw
56,f6xvcbu,t3_dtmyxw,"I've never been so happy that I don't like drinking in my entire life.  I'm going to play these games with water and just spend the entire day in the bathroom.

Yeah I'm that lame-ass guy, but at least I still have my liver.   :D",t3_dtmyxw
57,f6xtp62,t3_dtmyxw,Take a shot for every time the blame is put on someone else,t3_dtmyxw
58,f6xooc0,t3_dtmyxw,Drink Everytime Trump makes a run-on* sentence.,t3_dtmyxw
59,f6y9oc5,t3_dtmyxw,"1. Drink whenever someone from one side is angry about something they were fine with when it was done by someone from their own side.

2. Drink when god is mentioned as a reason/motivation/explanation. (I'm from the Netherlands but I watch American hearings sometimes and it's really strange how often this happens in US politics compared to our politics)

3. Drink when an answer or question gets misinterpreted for the sole purpose of showing moral virtue.",t3_dtmyxw
60,f6ya243,t3_dtmyxw,"Drink all you want. If you think there's even a chance he'll be impeached and won't be your president for the next five years, you have no brain cells left for the alcohol to destroy.",t3_dtmyxw
61,f6xy3yn,t3_dtmyxw,Drink a bit of water everytime the camera angle changes,t3_dtmyxw
62,f6xzdjd,t3_dtmyxw,"Take a shot of:

- Vodka whenever Russia is mentioned

- Tequila whenever Mexico is mentioned

- Soju whenever Korea is mentioned

- Baijiu whenever China is mentioned",t3_dtmyxw
63,f6y36vb,t3_dtmyxw,Finish the whole fukin bottle if someone says okay boomer to donald trump,t3_dtmyxw
64,f6yf7ml,t3_dtmyxw,"I don't have games but I've been collecting this list of drink names at least:

[ ] Subpoena coladas
[ ] Orange Russians
[ ] Moscow muellers
[ ] Impeach Bellinis
[ ] Spicer rum punch
[ ] Kelly Anne Chardonnay spritzer
[ ] Dark and stormy Daniels
[ ] Build the Harvey Wall banger
[ ] Taste of treason
[ ] The crooked Hillary
[ ] Trumplethinskin
[ ] Buttery males (but her emails)
[ ] Roger stone sour
[ ]",t3_dtmyxw
65,f6ygt71,t3_dtmyxw,"Congratulations reddit, we made it to our first US impeachment together!",t3_dtmyxw
66,f6xx093,t3_dtmyxw,Take a drink everytime a republican brings up a debunked conspiracy theory.,t3_dtmyxw
67,f6xyzde,t3_dtmyxw,Just drink cause what the fuck. It could be the most blatantly damning thing and all we've to hope for is good turnout next November. Fuck.,t3_dtmyxw
68,f6xy0j8,t3_dtmyxw,Everytime someone says they do not recall something. RIP,t3_dtmyxw
69,f6y1182,t3_dtmyxw,"Whenever someone says,‚ÄùI don‚Äôt know what the big deal is.‚Äù",t3_dtmyxw
70,f6y1gt6,t3_dtmyxw,"[Take a full bottle of liquor every time a GOP representative in the hearings doesn't ask meaningful questions but instead tirades that the Dems are simply here for a power grab and it is unconstitutional.](https://www.youtube.com/watch?v=RTBxPPx62s4)

I just want to shout out for this horrible quote that Lindsey Graham probably could have picked a better role model for:

> You're supposed to be Bill Cosby when you're a junior and senior in high school, and all of a sudden you got over it. It's been my understanding that if you drug women and rape women for two years in high school, you probably don't stop. 

Quoted from 2:52 in the above link",t3_dtmyxw
71,f6xow3g,t3_dtmyxw,Drink every time a statement is contradicted by either party.,t3_dtmyxw
72,f6xxj8w,t3_dtmyxw,Take a drink for every word Trump misspells in a Tweet.,t3_dtmyxw
73,f6xv9di,t3_dtmyxw,"Each time a Republican grandstands about the Democrats having no shame instead of asking relevant questions, take a swig.",t3_dtmyxw
74,f6xumo5,t3_dtmyxw,Drink every time Adam Schiff purses his lips together like he‚Äôs sucking on a Jolly Rancher,t3_dtmyxw
75,f6xsdgq,t3_dtmyxw,"A shot for any statement that's akin to ""I do not recall...""",t3_dtmyxw
76,f6y1qbj,t3_dtmyxw,"Drink every time they bring up Hillary or Obama. I know neither have anything to do with it, but just wait. Somehow they'll try to make it about someone else.",t3_dtmyxw
77,f6yf738,t3_dtmyxw,Take a drink every time some politician acts like a hoe-ass little *bitch*,t3_dtmyxw
78,f6xyb2j,t3_dtmyxw,"Drink every time trump calls PBS ""fake news"".",t3_dtmyxw
79,f6xwg0k,t3_dtmyxw,Drink until you can't hear them droning on anymore.,t3_dtmyxw
80,f6xy1iv,t3_dtmyxw,If someone takes the 5th you must drink one.,t3_dtmyxw
81,f6y21xt,t3_dtmyxw,"If I was American I would drink, regardless.   If you don't wake up, you win!

I used to laugh.   Then my nation voted and Boris Johnson became our leader.  Who's laughing now?

Clue.  No-one.",t3_dtmyxw
82,f6y3tr8,t3_dtmyxw,Drink everytime some says quid pro quo,t3_dtmyxw
83,f6xyeev,t3_dtmyxw,"Everytime the Republicans change the topic, take a sip.. you'll need to pace yourself",t3_dtmyxw
84,f6xy3er,t3_dtmyxw,Down a bottle of bleach of he doesn't get impeached.,t3_dtmyxw
85,f6xzi6w,t3_dtmyxw,"No rules, just get liquored up prior because this is going to be a goddamn circus.",t3_dtmyxw
86,f6y02e4,t3_dtmyxw,Drink every time Trump refers to himself as a great guy in the third person.,t3_dtmyxw
87,f6y16n4,t3_dtmyxw,"Every time a republican monologues about how unfair this is instead of asking a question, take a drink.",t3_dtmyxw
88,f6y1nji,t3_dtmyxw,"1. Take a drink every time someone doesn't answer a question.
2. Take a drink every time Russia is mentioned.
3. Take a drink every time ""no one is above the law"" is said.
4. Take a drink every time they say Trump's name.
5. Take a drink every time ""quid pro quo"" is said.
6. Take a drink every time they take one of those awkward gulps of water.
7. Take a drink every time they say ""I do not recall...""
8. Take a drink every time ""impeach"" or ""impeachment"" is mentioned.
9. Take a drink every time the word ""America"" is said.
10. Please don't die. (This will be impossible regarding the rules above. I think I'm going to jail for murder now.)",t3_dtmyxw
89,f6y1o7p,t3_dtmyxw,"""Very legal. Very cool.""  2 drinks

Trump saying a word twice back to back. 1 drink.

America being the joke that it is.....entire bottle of Russian made vodka.",t3_dtmyxw
90,f6y415u,t3_dtmyxw,"Everybody in the room takes a shot whenever one of Trump's close associates 'flips' or otherwise throws another associate under the bus.

Double-shots if its Guiliani or Trump unintentionally throwing himself or others under the bus.",t3_dtmyxw
91,f6y4r9z,t3_dtmyxw,I‚Äôve got four years sobriety and reading this is too fucking tempting.,t3_dtmyxw
92,f6y4rn5,t3_dtmyxw,Drink every time trump does something stupid.,t3_dtmyxw
93,f6y9n18,t3_dtmyxw,"Every time a republican brings up the Clintons, take a shot.

Let's see how long it takes for my liver to explode.",t3_dtmyxw
94,f6yjrs2,t3_dtmyxw,Drink a shot for every batshit right wing conspiracy Gym Jordan or Devin Nunes pulls out of each other‚Äôs asses.,t3_dtmyxw
95,f6yskjb,t3_dtmyxw,Nothing because this will likely go nowhere.,t3_dtmyxw
96,f6yssne,t3_dtmyxw,"If you are a recovering alcoholic, drink when Trump gets impeached. This will assure you maintain your sobriety.",t3_dtmyxw
97,f6z1shf,t3_dtmyxw,"Drink every time someone asks for the question to be repeated or even better, drink every time someone dodges a question by not directly answering whats been asked.",t3_dtmyxw
98,f6z77pa,t3_dtmyxw,Every time a Trump supporter mentions Hillary Clinton,t3_dtmyxw
99,f6z7rbz,t3_dtmyxw,"Take a shot every time a witness fails to answer a question, two shots every time a Democrat says ""abuse of power,"" and three shots every time a Republican says ""witch hunt.""",t3_dtmyxw
100,f6zg36b,t3_dtmyxw,"1.  Take a drink at the beginning of the hearings.

2. Keep drinking

3. Stop drinking when democracy is no longer at stake.

Good luck.",t3_dtmyxw
101,f6xwtpu,t3_dtmyxw,"CDC RECOMMENDS THE FOLLOWING:  If a member of the GOP tells the truth, then drink.  Otherwise alcohol poisoning deaths will be off the charts....",t3_dtmyxw
102,f6xzb0v,t3_dtmyxw,"Quid Pro Quaff:

Every time someone denies doing something, then details exactly how they did the thing they earlier denied, take a shot. 

Any time someone mentions Hillary Clinton when she has no relevance to the question, take a shot. 

If the charges are dropped, finish the bottle.",t3_dtmyxw
103,f6xr2lt,t3_dtmyxw,"Take a drink every time you hear about an old RW conspiracy theory for the first time.

(do NOT spoil it for me here, please)",t3_dtmyxw
104,f6xsbgc,t3_dtmyxw,"If its with each lie, people will die.",t3_dtmyxw
105,f6xsso6,t3_dtmyxw,Drink everytime you suspect someone of lying.,t3_dtmyxw
106,f6xt0om,t3_dtmyxw,"Well, if you want to die from alcohol poisoning, anytime someone gives a speech instead of ask a question.",t3_dtmyxw
107,f6xt433,t3_dtmyxw,"take a shot whenever you hear ""I can't recall""",t3_dtmyxw
108,f6xwhks,t3_dtmyxw,Take a shot you hear  ‚Äúno collusion.‚Äù,t3_dtmyxw
109,f6xx6py,t3_dtmyxw,Take a drink when someone opens their mouth and spits out sum bullshit,t3_dtmyxw
110,f6xykgz,t3_dtmyxw,The list for liver transplants is gonna become a whole lot longer.,t3_dtmyxw
111,f6xyplh,t3_dtmyxw,Itll be a game im not playing cause alcohol poisoning is not the way i wanted to go.,t3_dtmyxw
112,f6xz6it,t3_dtmyxw,... and viewers like you!,t3_dtmyxw
113,f6xzpfh,t3_dtmyxw,Use Everclear if you dont eant yo make it,t3_dtmyxw
114,f6y05r1,t3_dtmyxw,Trump or my fellow Americans,t3_dtmyxw
115,f6y0fb9,t3_dtmyxw,"I'm sorry but I am adhering to every time I hear the word ""impeachment"" I'm having another bourbon.",t3_dtmyxw
116,f6y0kg0,t3_dtmyxw,Drink til blackout drunk everyday for the next 5 years til this nightmare is over.,t3_dtmyxw
117,f6y135j,t3_dtmyxw,Drink whenever someone says frankly,t3_dtmyxw
118,f6y14p4,t3_dtmyxw,"Drink a shot of something every time a question has nothing to do with the impeachment proceedings or someone uses their time to speak so make a grandstanding statement for vote popularity. Our congress is a joke, every time someone's summoned to be questioned, the whole questioning is turned into an excuse to look good to the voters and ignore everything about why the person was brought to them. If they don't have anything to ask on topic they make shit up on the spot to look informed.",t3_dtmyxw
119,f6y153k,t3_dtmyxw,Drink every time a republican interrupts the proceedings without merit.,t3_dtmyxw
120,f6y15zi,t3_dtmyxw,Drink every time someone mispronounces or quid pro quo.,t3_dtmyxw
121,f6y1gd2,t3_dtmyxw,"So...the moment the airing starts, you start drinking.  Stop when either a) alcohol poisoning starts or b) the broadcast ends.

I suspect that it's likely going to end up as option a.

Unless you're British - in which case, you make a brew and sit down in front of the ol' gogglebox and moan about what a twat Trump is and how things were better in yesteryear.",t3_dtmyxw
122,f6y1ldz,t3_dtmyxw,"Finish your drink every time someone says ""I do not recall""",t3_dtmyxw
123,f6y1qws,t3_dtmyxw,Drink until we‚Äôre all shwasted enough to protest outside the White House. It‚Äôll be like that South Park episode with Shmore Schnapps. We just keep going back.,t3_dtmyxw
124,f6y1rsx,t3_dtmyxw,"Ok some real rules..

Take a drink of your beer every time someone says ""I do not recall""

Take a shot every time a Republican or Democrat recognizes and acknowledges the opposition's point.",t3_dtmyxw
125,f6y1ut4,t3_dtmyxw,Take a drink anytime someone actually answers a question or shows up for a subpoena. You'll need about 2 shots.,t3_dtmyxw
126,f6y1xkb,t3_dtmyxw,chug when someone answers a question with a straight answer,t3_dtmyxw
127,f6y1xma,t3_dtmyxw,Take a shot every time someone exceeds their time or raises their voice,t3_dtmyxw
128,f6y209w,t3_dtmyxw,'could you repeat the question?' DRINK!!,t3_dtmyxw
129,f6y24sg,t3_dtmyxw,"Something sketchy is described as ""perfect""",t3_dtmyxw
130,f6y2hu6,t3_dtmyxw,Hope everyone has their local poison-control center on speed dial.,t3_dtmyxw
131,f6y2nfv,t3_dtmyxw,"Gonna rip a cone every time someone blatantly lies

I‚Äôll be comatose a few minutes in but it‚Äôll be fun",t3_dtmyxw
132,f6y2ori,t3_dtmyxw,"This is a game, not a suicide attempt you guys.",t3_dtmyxw
133,f6y2qzq,t3_dtmyxw,Do shots of water and you'll still die of poisoning.,t3_dtmyxw
134,f6y2uif,t3_dtmyxw,Collusion,t3_dtmyxw
135,f6y34tl,t3_dtmyxw,"Whenever Trump's team does something the way it's supposed to be done take a swig.

Any other game I came up with would leave y'all with alcohol poisoning so this is the best I got.",t3_dtmyxw
136,f6y3q9d,t3_dtmyxw,Drink for every time trump did something impeachable. You‚Äôll be dead within the first episode,t3_dtmyxw
137,f6y8fhl,t1_f6xz2bn,"But I want to drink, not sit there sober like some kind of loser.",t3_dtmyxw
138,f6y9u5x,t1_f6xz2bn,I wanted to get shitfaced not stay sober,t3_dtmyxw
139,f6ycg3x,t1_f6xz2bn,People will die of thirst first,t3_dtmyxw
140,f6yd2b1,t1_f6xz2bn,Wanna make it water while you're at it?,t3_dtmyxw
141,f6y4pg0,t1_f6xra5u,Raise your drink for people citing this core American value!,t3_dtmyxw
142,f6ygv50,t1_f6xra5u,2 shots if a Republican says it,t3_dtmyxw
143,f70phae,t1_f6xra5u,"1/2 shot for ""POLITICAL WITCHHUNT!""",t3_dtmyxw
144,f6ypgqs,t1_f6xra5u,"Finish your drink for ""... Except the president""",t3_dtmyxw
145,f6yc0o5,t1_f6y0psa,You could also pass a coach-style whistle around and take a shot every time someone says ‚Äúwhistleblower‚Äù,t3_dtmyxw
146,f6y1wuy,t1_f6y0psa,This one is very good.,t3_dtmyxw
147,f6ya618,t1_f6y0psa,Holy shit this is incredible.,t3_dtmyxw
148,f6yblgg,t1_f6y0psa,"""Well we did do the nose. And the hat. But she is a witch!""",t3_dtmyxw
149,f6ydst9,t1_f6y0psa,"On that theme, cut out a small paper witch hat, stick it on the screen and when ever someone is ""wearing"" it on tv, take a drink.",t3_dtmyxw
150,f6ycho9,t1_f6y0psa,I can't believe you actually made it fun.,t3_dtmyxw
151,f6ybzjh,t1_f6y0psa,"Do they introduce new people very often during these proceedings? Seems like that wouldn't happen often enough.  How about this modification:  hat changes every time the committee member asking the question changes. 

Or is that what is meant by introducing a new person? They rotate questions every few minutes so that should keep things moving. 

You could also combine it with one of the other suggestions like the hat rotates every time someone says quid pro quo or I can't recall.

Otherwise this is a fantastic idea...just need to keep that hat moving",t3_dtmyxw
152,f6y9ukt,t1_f6y0psa,Nice,t3_dtmyxw
153,f6y2f41,t1_f6xz0d0,"This is a much more realistic drinking game, plus it requires attention and critical thinking.  So there's a pretty strong negative feedback component.",t3_dtmyxw
154,f6ybtgd,t1_f6xz0d0,">Every time a witness suddenly realizes ‚Äúoh no, I shouldn‚Äôt have said that.‚Äù

Is Rudy Giuliani going to be invited? I need to know how many dozens of bottles to buy",t3_dtmyxw
155,f6y2n70,t1_f6xz0d0,I like this one. It actually seems fun. Good on ya m8,t3_dtmyxw
156,f6y5nmu,t1_f6xy3ma,"This is the kind of ingenuity we need right now.

EDIT: Thanks for my first award kind stranger!",t3_dtmyxw
157,f6y4d2c,t1_f6xy3ma,Omg I'm doing this one. Thank you! I have found my hilarity to get through this madness!,t3_dtmyxw
158,f6y5x0h,t1_f6xy3ma,Is this some reference I dont understand?,t3_dtmyxw
159,f6y7c1d,t1_f6xy3ma,I forgot about this game! We used to post-it facial features to the tv and drink when they would line up.,t3_dtmyxw
160,f6y5n2k,t1_f6xy3ma,I'm curious what the joke about McConnell's mouth is,t3_dtmyxw
161,f6y82sp,t1_f6xy3ma,"Maybe a game already but my brother told me one.. So put a sticky note mustache at random positions on the screen, when a face lines up to the mustache you drink, happens more often than you think and always ends badly",t3_dtmyxw
162,f6y6glt,t1_f6xzgiu,I expect to see a buzzfeed impeachment drinking game article with at least 10 of the top 15 comments by tomorrow,t3_dtmyxw
163,f6ydr00,t1_f6xzgiu,"*in google translate voice*

**Dear Reddit what are your ----- game ideas for the upcoming hearings**

*copyright free cheery music starts*

**Take a witch's hat you...**",t3_dtmyxw
164,f6y67ee,t1_f6xzgiu,Ahh... the grime off the arse of the slimiest fish in all the waters,t3_dtmyxw
165,f6yag6e,t1_f6xzgiu,It's so bad. They just steal everything from Reddit.,t3_dtmyxw
166,f6xvv3e,t1_f6xqgp6,‚ÄúI do not recall ...‚Äù,t3_dtmyxw
167,f6xwskh,t1_f6xqgp6,This reminds me of the 2016 debates where the candidates would listen to someone ask a question before they talked about whatever they want,t3_dtmyxw
168,f6xrb44,t1_f6xqgp6,"This is actually a pretty good one. I like it because it helps train your brain to notice when someone is avoiding, diverting, etc.",t3_dtmyxw
169,f6xr9h5,t1_f6xqgp6,That's every time!,t3_dtmyxw
170,f6xwl4x,t1_f6xqgp6,Everybody‚Äôs dead,t3_dtmyxw
171,f6xufqk,t1_f6xqgp6,\*starts chugging\*,t3_dtmyxw
172,f6xxdqk,t1_f6xqgp6,Probably safer to drink when a question is actually answered.,t3_dtmyxw
173,f6ycirc,t1_f6xssxv,"That's just cruel, the liver isn't evil and you don't need to punish it like that.",t3_dtmyxw
174,f6xwlcr,t1_f6xqi61,You won't have to worry about alcohol poisoning.  You'll puke way before that.,t3_dtmyxw
175,f6y0a2l,t1_f6xqi61,Really? You're going to pass judgement on peach schnapps and not Jaegermeister?,t3_dtmyxw
176,f6y0x0h,t1_f6xqi61,Orange juice and peach schnapps is my favorite,t3_dtmyxw
177,f6y04eo,t1_f6xqocr,"I wasn't drinking last night.  Not only did I not drink, but the entire time I was getting drunk I was doing it for the benefit of the country.  It was well within my rights to drink last night, and I did it appropriately, and had a designated driver, and only vomited in the toilet.  All reports that I was drinking last night are fake news.  I have never had a sip of alcohol in my life.  Nobody has a better alcohol tolerance than me; I am a practiced and competent drinker, and had a perfect drink last night.

(Also I slept with your sister.)",t3_dtmyxw
178,f6xuwlg,t1_f6xqocr,Appropriate,t3_dtmyxw
179,f6xxai3,t1_f6xqocr,Well done.,t3_dtmyxw
180,f6xyux3,t1_f6xqocr,"At this point the game should be ""stop drinking if-"" because far more time will be dedicated to doing all the things mentioned in this thread than not doing them",t3_dtmyxw
181,f6xyd3c,t1_f6xqocr,This guy Trumps.,t3_dtmyxw
182,f6y5vfs,t1_f6xqocr,"1. Drink whenever you want

2. Claim that you've never consumed alcohol

3. Claim that you have consumed alcohol, but not on the night in question

4. Claim that you did drink on the night in question, but not to the extent of committing the crime that you've been accused of committing while drunk

5. Admit to the crime, but claim it's not a crime

6. Admit that it's a crime, but claim that it's not impeachable

7. Admit that it's normally impeachable, but is fine for the sake of avoiding socialism

8. Pardon yourself

9. Drink to forget",t3_dtmyxw
183,f6y0ha1,t1_f6xqocr,What's to dodge? Just deny you were drinking. Making up your own reality seems to be on the table these days.,t3_dtmyxw
184,f6y2ay6,t1_f6xts7l,"Fuck man, that used to be my daily rules. Be safe y'all

Edit: holy shit, you all have been the nicest, most supportive people! I appreciate every single one of you for that. I'll give a general answer to a lot of questions then respond to everybody individually. Yes, I'm doing a lot better. I do still drink, but a lot less than I used to. Now, a 12 pack would take me a couple of days. Used to be a couple of hours. 

Once again, please be safe with alcohol. Just because it's legal doesn't always make it a good decision.

DOUBLE EDIT!!! If someone you care about is an alcoholic, try to reach out to them. Sometimes we don't realize how bad we are until the people we love most desert us, which usually leads to an even worse cycle of abuse. If you are an alcoholic and want to stop or at least slow down, my best advice is to find someone else who is and also wants to improve themselves. Actively listen to them when they share their feelings, and expect the same from them when you share yours. It's not easy, but who ever said that improving your life was?

AA can work for some, group settings can work for some, other options can work for some. Find what works best for you. Will you fail? Most likely. I did several times. I'm still not fully sober. But that first step and COMMITMENT to it is the most important part.

Alright, I'll step down off of my soap box and leave you all with the quote that's kept me going most:

""Why do we fall? So that we can learn to pick ourselves up.""",t3_dtmyxw
185,f6xmpu0,t1_f6xlo4e,Why would you want to experience Russian life?,t3_dtmyxw
186,f6xphu0,t1_f6xlo4e,Check out The Machine over here.,t3_dtmyxw
187,f6xw48e,t1_f6xlo4e,"I think it‚Äôs more Ukraine this time, but with your rules more people would survive. You have a heart of gold my friend.",t3_dtmyxw
188,f6xrilb,t1_f6xocfh,"If only you guys had free healthcare üòÇ


Edit: went away a few days and his blew up! Thanks for the awards! 
Also, just to clear it up, I'm not Canadian! Just a friendly European.",t3_dtmyxw
189,f6xq8vm,t1_f6xocfh,"Optimistic, assuming they survive...",t3_dtmyxw
190,f6xxrxv,t1_f6xq0wm,*Bigbird has entered the impeachment hearings.*,t3_dtmyxw
191,f6xy8ad,t1_f6xq0wm, Nah fam they funded and supported by viewers like me. Thank me.,t3_dtmyxw
192,f6xrqw1,t1_f6xq0wm,So don't stop to breathe?,t3_dtmyxw
193,f6xx38x,t1_f6xq0wm,Someone bout to be haunted by Mr. Rogers ghost!,t3_dtmyxw
194,f6xsuly,t1_f6xq0wm,Chug chug chug chug,t3_dtmyxw
195,f6xyxpb,t1_f6xq0wm,"You know Donny is gonna yell ""PBS, my taxes  pay your salary!!! 1!"" and then accuse CNN of being state media.",t3_dtmyxw
196,f6xoaix,t1_f6xlx0y,ah the lucky ones,t3_dtmyxw
197,f6xszvu,t1_f6xlx0y,"Costco vodka is pretty good and is $15 for a 1.5 L bottle. 

In case you were wondering.",t3_dtmyxw
198,f6xpbat,t1_f6xlx0y,For every 5 people that die you drink,t3_dtmyxw
199,f6xr4p5,t1_f6xlx0y,"It needs to be taken seriously, people should be sober so make the game everyone takes a shot when a Republican asks a question in good faith intending to get to the bottom of the issue and listens to the answer and asks informed follow up questions.",t3_dtmyxw
200,f6xvfgi,t1_f6xlpdy,What's a squid Go-Pro?,t3_dtmyxw
201,f6xpud9,t1_f6xlpdy,[deleted],t3_dtmyxw
202,f6xpp6s,t1_f6xlpdy,"Jesus, I think you might be culpable for murder for that suggestion lol",t3_dtmyxw
203,f6xsir8,t1_f6xlpdy,But when they say no quid pro quo you have to shot gun a beer and if you mix the two up you have to have a penalty.,t3_dtmyxw
204,f6xq6ye,t1_f6xlpdy,"1 shot each for quid, pro, quo",t3_dtmyxw
205,f6xt1og,t1_f6xlpdy,Say Quid Pro Quo ten times fast.,t3_dtmyxw
206,f6xrhje,t1_f6xlpdy,"Can we stop callign it ""quid pro quo""? Lets call it what it is: extortion.",t3_dtmyxw
207,f6xqyf9,t1_f6xlpdy,Take a shot every time a talking head makes a *quid pro quo* pun might be slightly safer.,t3_dtmyxw
208,f6y0d72,t1_f6xrxdv,Finish your drink if someone calls out Gym Jordan for turning a blind eye to the sexual assault of students,t3_dtmyxw
209,f6xtff0,t1_f6xqtqw,[deleted],t3_dtmyxw
210,f6xthwh,t1_f6xqtqw,"It takes me a while to metabolize alcohol, as I am a human being, and I have a rugby-trained liver, but this still sounds like I‚Äôm getting a ride in the wee-woo-wagon inside of an hour and a half.",t3_dtmyxw
211,f6xp2wr,t1_f6xp1zp,"Of vodka, obviously.",t3_dtmyxw
212,f6y7482,t1_f6xrczx,"Thanks for the warning, I'm deathly allergic to text-based files of 100 or more MB.",t3_dtmyxw
213,f6yhl6e,t1_f6xrczx,"All through the emotional fallacies I was feeling okay about this game. Then I hit ad hominem and strawman, so many strawmen.... And then the entirety of the logical fallacy section. Like someone said above, just tilt the bottle back when someone starts speaking and don't stop until they do. Repeat when next person opens their mouth.",t3_dtmyxw
214,f6y5vlo,t1_f6xrczx,There isn‚Äôt enough alcohol in the world.,t3_dtmyxw
215,f6xq3qj,t1_f6xq17a,I'm just gonna warn my liver,t3_dtmyxw
216,f6xyrmm,t1_f6xrw4y,I've never felt so seen in a comment section.,t3_dtmyxw
217,f6yh2cr,t1_f6xuxfm,EVERYONE BETTER GET WASTED.,t3_dtmyxw
218,f6xx7no,t1_f6xqkgl,It's weird to see covfefe spelled wrong and feel the need to correct it. What a crazy world we live in...,t3_dtmyxw
219,f6xx5dw,t1_f6xqkgl,This drinking game is funny yet survivable so sure.,t3_dtmyxw
220,f6xx5hi,t1_f6xqkgl,"These are legal proceedings, don't expect a lot of buzz words. You may hear which hunt once from the defense but this will be matter of fact and most of this does not pertain to what the inquiry is about",t3_dtmyxw
221,f6xx9ys,t1_f6xqkgl,"Honestly, Trump is probably the *only* US President who could get away with saying """"shit"" or ""fuck"" on live TV.",t3_dtmyxw
222,f6xycxf,t1_f6xse3t,"This one's fun and sensible, will give it a shot.",t3_dtmyxw
223,f6y0q35,t1_f6xse3t,"> 2) A democrat says the process is a waste of time.

That's not fair. Tulsi Gabbard is technically a Democrat.",t3_dtmyxw
224,f6xy7b1,t1_f6xse3t,F,t3_dtmyxw
225,f6xz5nk,t1_f6xz36p,You trying to get people killed?,t3_dtmyxw
226,f6ye6s1,t1_f6xz36p,The Senate at least will not be allowed to have their phones in the chamber.,t3_dtmyxw
227,f6xv3xc,t1_f6xtemw,"Donald Trump withheld military aid that had been guaranteed to Ukraine, one of our international allies. He told the Ukrainian President the aid would come if he agreed to publically announce that he was investigating the Bidens and the previous Ukranian administration's ""attempts to collude with the DNC and attack the 2016 election."" That last bit is a conspiracy theory floated by Paul Manafort back in 2016 before the election that for some reason the DNC colluded with Ukraine to hack and release their own emails. Because reasons.

A foreign intelligence official in the white house heard about all this and was concerned and filed a whistleblower complaint. That complaint got held up and Congress was not notified, which legally they should have been. The whistleblower then reached out to Congress to ask ""Hey, I filed a complaint and it should have been given to you by now. Do you know about this?"" Congress did not know, as the complaint was being held up by White House officials installed by Trump. Once news gets out that there is a complaint, Trump tries to get ahead of the story and released a memorandum of the phone call to prove ""there is no quid pro quo, there is nothing wrong with this phone call."" 

When you read that memo, it becomes clear there in fact is something wrong. By all appearances, the President of the United States was extorting a foreign government for personal gain and political advantage. He was trying to get Ukraine to manufacture a scandal that would damage one of his leading political rivals. That prompted the Democrats in the house to investigate just how deep this abuse of power goes pursuant to impeachment.

Trump later went on live television and told China to investigate the Bidens. The President told a foreign adversary they should investigate an American Citizen, which would happen to benefit him politically. Seems like there is a pattern at this point.",t3_dtmyxw
228,f6y0jbh,t1_f6xpsgr,You dont want to get alcohol poisoning *too soon*,t3_dtmyxw
229,f6xy19y,t1_f6xpsgr,Added to live tweet rule: Every time he RTs a white nationalist/MAGA supporter in support of him during next week.,t3_dtmyxw
230,f6yh0xl,t1_f6xwd0z,"‚ÄúThere was no quid pro quo, but if there was it‚Äôs fine.‚Äù

‚ÄúThere was a quid pro quo, but it‚Äôs just how things are done so it‚Äôs fine.‚Äù

‚ÄúIt was just a little light extortion, do you know what a NY city mob boss would do? Totally fine‚Äù

‚ÄúOkay, so mr. trump is basically a mob boss, but it‚Äôs not like he‚Äôs laundering money, racketeering, enriching his family unethically, or committing treason, it‚Äôs fine guys.‚Äù

‚ÄúWell, shit.‚Äù",t3_dtmyxw
231,f6xxg40,t1_f6xryrh,But that's the one where the world ended,t3_dtmyxw
232,f6xwsz7,t1_f6xqlv1,"It won‚Äôt pass the Republican senate.

Which is a fantastic reason to keep drinking.",t3_dtmyxw
233,f6xppr1,t1_f6xosrr,You would die in 15 minutes,t3_dtmyxw
234,f6xwpym,t1_f6xtqqf,ran out of gin. AGAIN. #sad,t3_dtmyxw
235,f6xs7ks,t1_f6xqyz9,Dear god. Never has a worse punishment existed.,t3_dtmyxw
236,f6y4du3,t1_f6xqyz9,"Drink everclear, it has the same effect",t3_dtmyxw
237,f6xwu2c,t1_f6xvcbu,"water poisoning is real and fatal, so not even the teetotal are safe",t3_dtmyxw
238,f6xvdes,t1_f6xvcbu,"Your kidneys and bladder, on the other hand...",t3_dtmyxw
239,f6xrupw,t1_f6xooc0,Will Trump even be there??,t3_dtmyxw
240,f6xscgl,t1_f6xooc0,Drink til the sentence ends,t3_dtmyxw
241,f6xzj8i,t1_f6xzdjd,*LIVER ENZYMES INTENSIFY*,t3_dtmyxw
242,f6y4sk8,t1_f6y1182,Did anyone else hear Mitch McConnell say that in their head?,t3_dtmyxw
243,f6y56zn,t1_f6xv9di,Translation: Drink continuously while GOP members hold the floor.,t3_dtmyxw
244,f6y9med,t1_f6y4r9z,Throwing away four years of progress for something Trump did isn't worth it. I know being sober is really hard but I believe in you,t3_dtmyxw
245,f6ygvh8,t1_f6y8fhl,I'm sure the proceedings will still give you ample reason to drink,t3_dtmyxw
246,f6yhnlz,t1_f6y8fhl,Then include when someone contradicts something else they said under oath.,t3_dtmyxw
247,f6yksrw,t1_f6y8fhl,"Do a shot when someone answers a  different question to the one they were asked.

Doesn't count if they don't actually answer a question.",t3_dtmyxw
248,f6z3xbh,t1_f6ygv50,A glass of champagne if they say it.,t3_dtmyxw
249,f6ycx5l,t1_f6yc0o5,The anonymous whistleblower gets to point at somebody and rat them out.  That person drinks but then they get to choose the new whistleblower (everyone closes their eyes for 5 seconds and somebody gets a tap on the shoulder),t3_dtmyxw
250,f6ycn6o,t1_f6y1wuy,Birth of something incredible and here to witness the manifestation,t3_dtmyxw
251,f6yfrrm,t1_f6y1wuy,"And whenever someone says ‚ÄúI don‚Äôt know.‚Äù ‚ÄúI don‚Äôt recall.‚Äù  Everyone takes a shot!

If you hear ‚ÄúThat‚Äôs not in my purview.‚Äù Everyone has to shotgun a beer.",t3_dtmyxw
252,f6yckoj,t1_f6ya618,Holy *shot*,t3_dtmyxw
253,f6ydx8i,t1_f6yblgg,Yeah! Burn her! Burn her!!,t3_dtmyxw
254,f6yf2qo,t1_f6yblgg,She turned me into a newt!,t3_dtmyxw
255,f6yfyow,t1_f6yblgg,And what ELSE floats in water?,t3_dtmyxw
256,f6y900i,t1_f6y2f41,I don‚Äôt think a drinking game that requires attention and thinking is something I can keep up with.,t3_dtmyxw
257,f6ybsre,t1_f6y5nmu,This is how we save Americas soul.,t3_dtmyxw
258,f6yfoq5,t1_f6y5nmu,"If you like this get a bunch of fake mustaches, hats, glasses and then tape them to the tv and if a person lines up with one you drink bust if your friends play and each one has there own item",t3_dtmyxw
259,f6y8cz4,t1_f6y5x0h,"Mitch McConnell looks like a turtle. [Videos of turtles eating cherry tomatoes](https://www.youtube.com/watch?v=MtwPNbVPyek&t=10s) are popular on the internet.

Edit: [I found this.](https://i.imgur.com/IiYLY5n.jpg)",t3_dtmyxw
260,f6y8dcc,t1_f6y5x0h,Turtles apparently like cherry tomatoes. Mitch McConnell...well...he looks an awful lot like a turtle.,t3_dtmyxw
261,f6y5yx0,t1_f6y5n2k,HES A TURTLE THO!!!,t3_dtmyxw
262,f6y8dng,t1_f6y5n2k,"Off topic, but this is the 4th time I‚Äôve seen your username in the comments of several different subreddits in the span of at least a week and it‚Äôs a hilarious coincidence. I hope you‚Äôre having a good day CockDaddyKaren",t3_dtmyxw
263,f6y8uas,t1_f6y6glt,[deleted],t3_dtmyxw
264,f6yc7xj,t1_f6y6glt,Man I felt so special when I made it into a buzzfeed article about throwing gang signs at my dog. Felt like a micro accomplishment.,t3_dtmyxw
265,f6xxgfa,t1_f6xvv3e,"Yup, that's the one. Expect to hear it non stop.",t3_dtmyxw
266,f6xyl05,t1_f6xvv3e,I can neither confirm nor deny...,t3_dtmyxw
267,f6xy90r,t1_f6xvv3e,That's a surefire way to get alcohol poisoning.,t3_dtmyxw
268,f6xy3co,t1_f6xvv3e,‚ÄúI‚Äôd like to answer your question with a question‚Äù,t3_dtmyxw
269,f6xys9n,t1_f6xvv3e,I do not agree with the premise of your question,t3_dtmyxw
270,f6xzorf,t1_f6xvv3e,"""I'd like to answer in form of a Broadway musical.""

At least entertain us while we all succumb to alcohol poisoning.",t3_dtmyxw
271,f6xxzg4,t1_f6xwskh,That shit drives me fucking crazy.,t3_dtmyxw
272,f6xyuu4,t1_f6xwskh,"They do that because we force them. Remember when Johnson said ""what's Aleppo?"" He got blasted for that. Instead of saying I don't understand the question they just go off on their own tangent and no one bats an eye.",t3_dtmyxw
273,f6xzgl9,t1_f6xwskh,Ah. The presidential debates. A prestigious American event every four years to see whose voters know less about correlation and causation.,t3_dtmyxw
274,f6xsukm,t1_f6xrb44,"Yeah it does, for about 5 minutes and then you'd be too wasted to comprehend their speaking.",t3_dtmyxw
275,f6xwi3p,t1_f6xrb44,You also die of alcohol poisoning before the first witness hands off the mic.,t3_dtmyxw
276,f6xxzr5,t1_f6xrb44,"I don't know why but I really started noticing this over the past few years. Maybe it's because Trudeau rarely answers direct questions but I've noticed that *a lot* of people I know personally answer the question they want to answer, not the question that was posed to them.",t3_dtmyxw
277,f6xrbvj,t1_f6xr9h5,I see no problem with this.,t3_dtmyxw
278,f6y2vq6,t1_f6xwlcr,I‚Äôm upset just having read it.,t3_dtmyxw
279,f6y7tpo,t1_f6xwlcr,"For sure. My worst hangover ever came after some college night at a frat red wine party, which some moron thought was smart to combine with jaeger shots. I was puking the entire next day, including on my way to and from a meeting with my academic advisor. I literally had to get off the bus at not my stop just to puke, wait for the next bus and hop back on. LOL oh college. I wouldn‚Äôt go back if you paid me.",t3_dtmyxw
280,f6y2mhj,t1_f6xwlcr,While your temples are intensely pounding,t3_dtmyxw
281,f6y51rq,t1_f6y0a2l,"I have a bad experience with peach schnapps. I was at my friend‚Äôs Croatian wedding as a groomsman. At the reception they had some tradition that when you greet a guest entering the banquet hall you take a shot of schnapps. We had five groomsmen and there were 400 guest and it was all peach goddamned schnapps. It was a blast, there was an open bar too. Everyone there was hammered. My brother puked in a car, I went home wearing the wrong tuxedo without my wallet. Best wedding ever.

Oh and we clearly couldn‚Äôt have had shots with ever guest. At some point we were just raising the shot glass while they drank but then a loud Croatian uncle would insist on us drinking and you can say no to these guys. But ugh ... peach schnapps...",t3_dtmyxw
282,f6y0sb4,t1_f6y0a2l,I have never drunk Jaegermeister whilst also being sober enough to remember the taste.  I don't think anyone has..,t3_dtmyxw
283,f6y6j2a,t1_f6y04eo,Scary accurate,t3_dtmyxw
284,f6z4cla,t1_f6y04eo,This made my brain hurt but it is VERY in character,t3_dtmyxw
285,f6yuqk3,t1_f6y04eo,You're going places,t3_dtmyxw
286,f6y69l1,t1_f6xuwlg,"Remember to deny drinking when you get a DUI, and then laugh when your rich Russian friends bail you out of jail and make the charges go away.",t3_dtmyxw
287,f6y7a9t,t1_f6y2ay6,"Everytime he says or does something that \*actually proves he's guilty\*, drink.",t3_dtmyxw
288,f6y82w2,t1_f6y2ay6,I hope you're doing better now!,t3_dtmyxw
289,f6xn0qf,t1_f6xmpu0,Cause I want to be trashed within the first 15 minutes of the hearing.,t3_dtmyxw
290,f6xsmrk,t1_f6xphu0,"""Fuck that bitch, this is Russia!""",t3_dtmyxw
291,f6xydwu,t1_f6xphu0,Tonight you party with us.,t3_dtmyxw
292,f6y0m6g,t1_f6xw48e,Even in discussing Ukraine Russia is going to come up. The whole reason the Ukrainians wanted military aid was to defend themselves against the Russians.,t3_dtmyxw
293,f6xuvoe,t1_f6xrilb,"They absolutely could, they just seem determined to always vote against it for some insane reason üôÑ

Edit: Wow the vitriol from the people who don't understand how free healthcare works. It's okay, I'll go and get my feelings checked on Monday. For free.

Edit 2: Gold and silver? Looks like several people had money left over from not having to pay for expensive healthcare bills!",t3_dtmyxw
294,f6xyspj,t1_f6xrilb,"Cold, Petey.  That was just cold.",t3_dtmyxw
295,f6y2mw5,t1_f6xrilb,Who needs healthcare when we‚Äôve been playing at war in the Middle East for 20 years?,t3_dtmyxw
296,f6xz1tq,t1_f6xy8ad,Looks like you watched PBS kids as well. My favourite was dragon tales,t3_dtmyxw
297,f6y0qdn,t1_f6xy8ad,"Hey, hey!  Monthly contributor checking in!

We give $5/mo and it's worth every dime - they *actually* have quality young adult educational stuff that we get full, on-demand, digital access to on our Roku.

Our youngest's favorite is, ""Crash Course,"" which quickly covers advanced concepts ~~suck balls~~ *such as* radial forces and also quickly touch on the mathematical equations used to explain such.",t3_dtmyxw
298,f6y1383,t1_f6xy8ad,funded *in part* by viewers like you,t3_dtmyxw
299,f6xp9bg,t1_f6xoaix,"A few days after the 2016 election I was looking at the obituary page in my local newspaper, and thought how lucky those people were that they would never have to experience a Trump presidency.  Or even know that he had been elected.",t3_dtmyxw
300,f6xzqik,t1_f6xszvu,"They're selling 13% Eggnog for like, 8 bucks a bottle",t3_dtmyxw
301,f6y0zo4,t1_f6xszvu,"Yeah, it's really a lot better than pretty good. That is one of the best kept secrets. It's made the exact same way as top shelf vodka like to the t. People prefer it in blind taste tests. And $15 for 1.5 L (that's 2 normal sized bottles for all you non alcoholics) makes it literally one of the cheapest vodkas on the market. Gotta have that Costco membership though.",t3_dtmyxw
302,f6xxsa8,t1_f6xpbat,the deaths will just snowball,t3_dtmyxw
303,f6xrzqj,t1_f6xr4p5,I believe the hearings will be conducted by legal council on the committee. It won't be the 5 minute rule (not the whole time at least) it will be lawyers from each party asking questions.,t3_dtmyxw
304,f6xspvi,t1_f6xr4p5,"Dude, the point of a drinking game is to get drunk. With your rules you don‚Äôt even need alcohol.",t3_dtmyxw
305,f6xwz7t,t1_f6xvfgi,It‚Äôs how you save replays in Splatoon,t3_dtmyxw
306,f6xw22d,t1_f6xpud9,Squid pro roe,t3_dtmyxw
307,f6xynt2,t1_f6xpud9,*slowly raises hand*,t3_dtmyxw
308,f6xxxjz,t1_f6xpud9,It allows you to draw 2 new ca... Wait a minute...,t3_dtmyxw
309,f6xvn8m,t1_f6xpud9,"As they reportedly explained to Trump, it means ""Quit, bro. Go!""",t3_dtmyxw
310,f6xza8r,t1_f6xpud9,"> quid pro quo

Lol.  Moron, it's called a Go Pro.  And we don't use quid in this country, we use America bucks.",t3_dtmyxw
311,f6xvz4i,t1_f6xpp6s,$35 on negligent manslaughter!,t3_dtmyxw
312,f6xsocm,t1_f6xsir8,I'd die. I'd seriously die.,t3_dtmyxw
313,f6xvbuz,t1_f6xq6ye,How to get alcohol poisoning in 10 minutes.,t3_dtmyxw
314,f6xvfh8,t1_f6xt1og,I can't even say it ten times fast in my head.,t3_dtmyxw
315,f6xx8ck,t1_f6xrhje,[deleted],t3_dtmyxw
316,f6xzcdx,t1_f6xtff0,"Ahh, waterfall rules",t3_dtmyxw
317,f6xvrn7,t1_f6xthwh,"Don‚Äôt you mean the reverse cash cab, where you lose insane amounts of money?",t3_dtmyxw
318,f6xyb93,t1_f6xthwh,"rofl! ... how is this the first time I've heard ""wee-woo-wagon""..?

... damn I need to get out more...",t3_dtmyxw
319,f6xxooz,t1_f6xp2wr,Moscow Mules for any Mitch McConnell mentions?,t3_dtmyxw
320,f6xs0ds,t1_f6xp2wr,Duh.,t3_dtmyxw
321,f6xskbp,t1_f6xq3qj,Extra hard: Warn your liver by drinking one for every pissed republican under this question,t3_dtmyxw
322,f6xy5xh,t1_f6xx7no,petition to give people who misspell covfefe a covfe fee,t3_dtmyxw
323,f6xxw2g,t1_f6xx5dw,"For real, this is one of the only ones so far that don't end in sure death.",t3_dtmyxw
324,f6xyy1x,t1_f6xx5hi,"This is theater. We've already seen in these chambers:

a) The chairman imitating the Godfather imitating Trump

b) A congresswoman dressed as batgirl

c) A ceramic chicken being deposed

Don't be surprised if a republican dresses up like a Salem Witch or a democrat shows up in a babushka",t3_dtmyxw
325,f6xyfs7,t1_f6xycxf,"Haha, you better hope none of the dems/repubs have a change of heart on this!",t3_dtmyxw
326,f6xyrio,t1_f6xxg40,.....Mother of God,t3_dtmyxw
327,f6xz90a,t1_f6xxg40,Exactly.,t3_dtmyxw
328,f6xz6gl,t1_f6xxg40,We were better off!,t3_dtmyxw
329,f6xr8bq,t1_f6xppr1,"Yeah, that would be the deadliest drinking game in history, second only to the BASEketball one: Take a drink every time someone says dude.",t3_dtmyxw
330,f6y0mez,t1_f6xwu2c,It's really hard to get if you don't hold it though.,t3_dtmyxw
331,f6xs4dl,t1_f6xrupw,"Probably not. This is just investigative, sort of like a grand jury. He could come and watch from the Gallery I believe. Later in the process when the articles of impeachment are actually being drafted by the Judiciary Committee Trump gets to have more involvement I believe.",t3_dtmyxw
332,f6xs739,t1_f6xrupw,"Nope, there's no way his handlers would allow him to be interviewed.  The dude is retarded and incriminates himself constantly as is, but it'd be even worse for him if he spewed his bullshit under threat of perjury",t3_dtmyxw
333,f6ykqgv,t1_f6ygvh8,Just letting you know that we have matching usernames,t3_dtmyxw
334,f6ykjtw,t1_f6yhnlz,RIP,t3_dtmyxw
335,f6yttl3,t1_f6yhnlz,Somebody is going to die from alcohol poisoning...,t3_dtmyxw
336,f6ytiun,t1_f6yhnlz,"""I *now* recall that...""",t3_dtmyxw
337,f6yf6sp,t1_f6ycx5l,"This is the Heads Up, Seven Up that adults play.  A lot darker and it involves alcohol.  And an impeachment.",t3_dtmyxw
338,f6yeqyj,t1_f6ycx5l,This is fucking brilliant.,t3_dtmyxw
339,f6yd7ko,t1_f6ycn6o,"A legendary start to something great going on here, boys!",t3_dtmyxw
340,f6yftx6,t1_f6yfrrm,That's guaranteed to kill a few people,t3_dtmyxw
341,f6yg0uj,t1_f6yfrrm,There isn't enough booze in the county,t3_dtmyxw
342,f6yf4us,t1_f6ydx8i,r/unexpectedmontypython,t3_dtmyxw
343,f6yf4sd,t1_f6yf2qo,I got better!,t3_dtmyxw
344,f6yglaw,t1_f6yfyow,Ducks!,t3_dtmyxw
345,f6yd8jf,t1_f6y900i,"That's the point. The best drinking games are fundamentally self-limiting, so you get good and liquored without feeling duty bound to push yourself into alcohol poisoning. When you're too drunk to think critically about the thing you're watching, you're drunk enough to just enjoy the spectacle without distraction.

It is drinking to joy.",t3_dtmyxw
346,f6y9i3e,t1_f6y8cz4,"I'm not saying I believe in lizard people but if one day McConnell gets outed as some sort of reptilian hybrid, I'd be like ok, makes sense",t3_dtmyxw
347,f6y9kgx,t1_f6y8cz4,I‚Äôm so glad that guy eventually held it for him,t3_dtmyxw
348,f6y9fcf,t1_f6y8cz4,OH NY GOD HE DOES!!!,t3_dtmyxw
349,f6y9khw,t1_f6y8cz4,I'm so glad that the human helped the tortoise eat the tomato. I was about to be pissed off.,t3_dtmyxw
350,f6y7sk4,t1_f6y5yx0,So use lettuce instead,t3_dtmyxw
351,f6ybfzw,t1_f6y8uas,And don't forget the folks of Facebook sharing that new drinking game list they found... 4 weeks from now.,t3_dtmyxw
352,f6ydtpd,t1_f6yc7xj,"Well, wait until your dog shoots you for being apart of a rival gang.",t3_dtmyxw
353,f6xzrfj,t1_f6xxgfa,You have to prove I didnt forget!,t3_dtmyxw
354,f6xzg49,t1_f6xy3co,Oh. Do you speak Latin?,t3_dtmyxw
355,f6y0vfa,t1_f6xxzg4,It‚Äôs almost as bad as having a speaking timer and doing nothing when it expires. What‚Äôs the damn point if they‚Äôre never going to cut them off anyway?,t3_dtmyxw
356,f6y0gns,t1_f6xxzg4,[deleted],t3_dtmyxw
357,f6y2vty,t1_f6xxzg4,If a candidate doesn't answer a question they should lose time to answer the next question so their opponents have an advantage.,t3_dtmyxw
358,f6xzpmy,t1_f6xyuu4,"Also I watched some of the analysis after the Democratic debates this year. People that directly answered questions got slammed. ""A candidate needs to be strong and force their response to be about the issues they care about."" Like why the hell even host a debate then if you don't want them to actually answer the questions you ask.",t3_dtmyxw
359,f6xzf9x,t1_f6xyuu4,"To be fair if you're running for president you should know the answer to that. To be fairer still, it's still a better answer than making something up so that you sound like you know what you're talking about. That's what Trump does all the time.",t3_dtmyxw
360,f6xt218,t1_f6xsukm,I like beer. Do you like beer?,t3_dtmyxw
361,f6xyodh,t1_f6xsukm,Do shots of beer. Last fifteen.,t3_dtmyxw
362,f6xylj7,t1_f6xxzr5,That's rule one of politics. I've never noticed an increase or decrease in that behavior.,t3_dtmyxw
363,f6xylwn,t1_f6xxzr5,And then I look like a harping asshole because I keep drawing them back toward the points I want them to directly address when they divert or get distracted üò§,t3_dtmyxw
364,f6xzn2l,t1_f6xxzr5,"Reporter: ""Do you think that murdering babies and grinding them into sausages is bad? This is a simple yes or no answer.""

Politician: *[rambling incoherent talking point vomit with neither 'yes' or 'no' present]*",t3_dtmyxw
365,f6xrcob,t1_f6xrbvj,Fair enough I'll get the whiskey,t3_dtmyxw
366,f6ykp2q,t1_f6y2vq6,"Ive got flash backs to the last time i had peach schnappes. Needless to say, Grandad was not impressed with my drunkeness.",t3_dtmyxw
367,f6ydgyw,t1_f6y0sb4,"It was my first drink. My high school boyfriend loved it, and so obviously I had to pretend like it didn‚Äôt bother me so he would continue to like me.",t3_dtmyxw
368,f6y9mf9,t1_f6y7a9t,You will die of alcohol poisoning and he will still walk away unscathed.,t3_dtmyxw
369,f6xnesg,t1_f6xn0qf,Then just drink every time the camera pans across an empty seat.,t3_dtmyxw
370,f6xsw1t,t1_f6xn0qf,Bold of to think it'll take 15.,t3_dtmyxw
371,f6xxnvc,t1_f6xsmrk,"""IM THE MACHINE and i like to work with cats""",t3_dtmyxw
372,f6y3qip,t1_f6xuvoe,"""It will never work,"" says US to the dozens upon dozens of other countries where it does work",t3_dtmyxw
373,f6y24yc,t1_f6xuvoe,I've found that many Americans are anti-medicare for all until a loved one needs medical care that basically devastates their way of life due to the financial burden.,t3_dtmyxw
374,f6y3gc4,t1_f6xuvoe,"I'm literally doing a huge research paper on this. Basically, it comes down to the expenses. Because the us doesn't have universal, medical providers have no limit on what they charge for services. Also, administrative costs are stupid high. If money grubbing wasn't our system of government, it would be entirely possible.",t3_dtmyxw
375,f6xxqml,t1_f6xuvoe,"Oh no, we don't vote. The men in big suits do",t3_dtmyxw
376,f6yadzu,t1_f6xuvoe,As an American I can happily say trolling Americans about free health care is fucking awesome and you should never stop,t3_dtmyxw
377,f6y4w2g,t1_f6xuvoe,Lol the second edit got me,t3_dtmyxw
378,f6y4lvn,t1_f6xuvoe,We have prime time Christian talk radio shows calling universal healthcare ungodly socialism.,t3_dtmyxw
379,f6y0tpn,t1_f6xuvoe,"‚ÄúWhy should I pay for some welfare abusers healthcare from my hard earned paycheck?‚Äù

‚ÄúLast time I got sick nobody paid my bill. I had to work hard for it.‚Äù

Literally all they got when questioned why we shouldn‚Äôt have anything nice. 

Also they‚Äôre afraid every doctor will just up and move to some other country or stop being a doctor because they‚Äôll all be poor under a universal system.",t3_dtmyxw
380,f6y1tu9,t1_f6xuvoe,[deleted],t3_dtmyxw
381,f6y6cip,t1_f6xuvoe,Because people don‚Äôt really understand how it works and/or are convinced by right-wing news sources that it will destroy us all.,t3_dtmyxw
382,f6y0ylu,t1_f6xz1tq,And I say HEY,t3_dtmyxw
383,f6xzl59,t1_f6xz1tq,"Dragon tales, dragon tales. It's almost time for dragon tales",t3_dtmyxw
384,f6y53ux,t1_f6xz1tq,Zaboomafoo was dope too,t3_dtmyxw
385,f6y02gi,t1_f6xz1tq,Dragon Tales and Cyberchase were the shit,t3_dtmyxw
386,f6y44im,t1_f6xz1tq,Magic School Bus was my favorite,t3_dtmyxw
387,f6y4vj0,t1_f6xz1tq,"Instead of telethons, PBS should just make a reddit post that has a donation link and they remind everyone that Reading Rainbow aired on PBS. This site has such a boner for that show that they will easily meet their funding goal.",t3_dtmyxw
388,f6y17x2,t1_f6xz1tq,That plus George Shrinks and Wishbone,t3_dtmyxw
389,f6y200y,t1_f6xz1tq,"Dude, no, Cyberchase was where it's at! That shit taught me all kinds of cool math shit that let me flex on everyone in 1st grade!",t3_dtmyxw
390,f6xzkh5,t1_f6xz1tq,"Dragon tales, dragon tales",t3_dtmyxw
391,f6y3laf,t1_f6xz1tq,"I was a more of a ZOOM man myself.  I learned a lot of things from that show... like the zip code for Boston, Massachusetts that a Canadian could use to as an address when signing up for things online.

*02134*",t3_dtmyxw
392,f6y37n0,t1_f6xz1tq,Cyberchase was objectively better,t3_dtmyxw
393,f6y1uk3,t1_f6xz1tq,"I wish, I wish with all my heart.  To fly with dragons in a land apart.",t3_dtmyxw
394,f6y4u64,t1_f6xz1tq,"It is Liberty's Kids, ZOOM or nothing.",t3_dtmyxw
395,f6y2scz,t1_f6y0qdn,"Suck balls??

I‚Äôm guessing it was an auto correct, but what did you mean to say?

You certainly caught my attention.",t3_dtmyxw
396,f6y6wpe,t1_f6y0qdn,"I mean, Crash Course's free on Youtube, where it started.",t3_dtmyxw
397,f6yayx3,t1_f6y0qdn,"Crash Course is supported by PBS now, but it‚Äôs roots will always be on YouTube. YouTube has definitely become the new hub of educational content. There‚Äôs some pretty high production quality stuff on there, and it‚Äôs stuff that PBS certainly wouldn‚Äôt be able to whip up on their own.",t3_dtmyxw
398,f6xti05,t1_f6xp9bg,"My mom died the day he was inaugurated.   The day before was her 80th birthday, and I can only imagine her looking at the newspaper and having that stroke.

edit: She was horrified that our president elect goes around and grabs *fannies*, or as best I can figure, the newspaper said *p\*\*\*\**, and she thought that meant *phanny.*  Bless her sweet, sweet soul.",t3_dtmyxw
399,f6xshg3,t1_f6xp9bg,I‚Äôm a physician and a patient woke up after being sedated for a few days after surgery and I had to break the news about who got elected. They were s h o c k e d,t3_dtmyxw
400,f6y03me,t1_f6xzqik,I need to go to Costco,t3_dtmyxw
401,f6y3edh,t1_f6xzqik,"Huh, never in my life have I seen eggnog sold with alcohol in it. Only ever heard of people mixing them after the fact.",t3_dtmyxw
402,f6xy0cy,t1_f6xwz7t,I thought it's how they film Sponge Bob.,t3_dtmyxw
403,f6xyazi,t1_f6xw22d,I‚Äôll be your Skid Row Bro,t3_dtmyxw
404,f6xwxif,t1_f6xw22d,[For those out of the loop](https://memes.yarn.co/yarn-clip/42430ce4-7235-4a58-9e73-e39d0e7b60d7/text),t3_dtmyxw
405,f6xz3eu,t1_f6xynt2,"Idk if you are being sarcastic or not but Quid pro quo is Latin and means ""this for that""

It's used when describing an interaction where something valuable (like congressionally approved funding for military aid) is promised but only in exchange for something else (like publicly announcing a corruption scandal involving the family of a political rival and the other party's frontrunner for an election barely a year away)

This for that",t3_dtmyxw
406,f6xx88o,t1_f6xvz4i,">$35 on negligent manslaughter!

$50 on ""reckless endangerment""  >\_>",t3_dtmyxw
407,f6xx0wl,t1_f6xvz4i,I‚Äôd say murder in the 2nd degree. Reasonable person would think that‚Äôs encouraging someone to die in a gross and negligent manner.,t3_dtmyxw
408,f6xxs6g,t1_f6xsocm,#THEN PERISH,t3_dtmyxw
409,f6xxm9t,t1_f6xx8ck,"Wasn't he witholding the money until he gets his way, though?",t3_dtmyxw
410,f6xxi0o,t1_f6xx8ck,No because he was withholding something they where already promised.,t3_dtmyxw
411,f6xws0x,t1_f6xvrn7,He seems European cause he mentioned rugby. So probably not a reverse cash cab.,t3_dtmyxw
412,f6xzklx,t1_f6xxooz,That's a great nickname,t3_dtmyxw
413,f6xy8l0,t1_f6xy5xh,I think they gotta take a shot at least,t3_dtmyxw
414,f6xy2en,t1_f6xxw2g,"Like jokes aside, one or two of these things will likely  happen but not all of them. Everyone else‚Äôs games read like more checklists.",t3_dtmyxw
415,f6y1nlk,t1_f6xyy1x,">b) A congresswoman dressed as batgirl

Wait what. Please tell me you have a link for this because that's hilarious",t3_dtmyxw
416,f6xrhlq,t1_f6xr8bq,Or the Jaystation one. Drink anytime he says guys.,t3_dtmyxw
417,f6xz66y,t1_f6xs739,"His handlers haven't been able to stop him from making a fool of himself on Twitter and in speeches before, what makes you think they could stop him now?",t3_dtmyxw
418,f6yktr8,t1_f6ykqgv,"Well played, good sir. Well played.",t3_dtmyxw
419,f6yjlvb,t1_f6yf6sp,"God, I love America.",t3_dtmyxw
420,f6yfoqu,t1_f6yf4us,r/expectedunexpectedmontypython,t3_dtmyxw
421,f6ygmg9,t1_f6yglaw,And who are you that is so wise in the ways of science?,t3_dtmyxw
422,f70k2jc,t1_f6yd8jf,"My dude, this is the best philosophy of drinking games I've ever seen. Smart people are the best to get drunk with anyway.",t3_dtmyxw
423,f6yckz7,t1_f6y9i3e,My bet would be on Zuckerberg being a reptilian.,t3_dtmyxw
424,f6yfuve,t1_f6y9i3e,"Reptiles have spines, so I'm afraid he doesn't fit the description.",t3_dtmyxw
425,f6ye88w,t1_f6y9fcf,New York God!,t3_dtmyxw
426,f6ymruo,t1_f6ybfzw,Shout out to my brother who will tell me about this thread 5 days after that,t3_dtmyxw
427,f6y0cz4,t1_f6xzrfj,"Your honor, I was playing the pbs drinking game from reddit, none of us remember anything, remember guys?",t3_dtmyxw
428,f6y0i8c,t1_f6xzrfj,"Bottoms up whenever someone says ""fake news!""",t3_dtmyxw
429,f6y03ha,t1_f6xzg49,Are we done?,t3_dtmyxw
430,f6yje0l,t1_f6y0vfa,"I've said for almost a decade--a basketball buzzer. At the end of their time, basketball buzzer sounds until they shut the fuck up.

No, ""Well, senator... Senator, we really need to get to... Senator..."" Nah. Fuck that. The moderator just has a button on the desk that sounds off the buzzer, and when the person speaking goes over their time the moderator simply presses that button and doesn't let go of it until the person speaking stops fucking talking.",t3_dtmyxw
431,f6y2bhl,t1_f6y0gns,"Reminds me of a bumper sticker I saw on the way home today: ‚Äúelect a clown, expect a circus‚Äù",t3_dtmyxw
432,f6y3fff,t1_f6y0gns,"They should have shock collars. And if they refuse, their name is taken off the ballot.",t3_dtmyxw
433,f6y1d7o,t1_f6xzpmy,"Should have a debate where the moderator doesn't ask any questions, just declare a topic and let the candidates have at it. The mod will set the topic, ""enforce"" the time limits, and Epstein didn't kill himself.",t3_dtmyxw
434,f6y2wos,t1_f6xzpmy,"It's just a popularity contest and they try to hit the most buzzwords possible.

Most voters don't even care what they say, just vote for who the party says.",t3_dtmyxw
435,f6xujma,t1_f6xt218,#***BOOFING INTENSIFIES***,t3_dtmyxw
436,f6xx1sa,t1_f6xt218,Shots of beer instead of liquor might be the only way to survive it.,t3_dtmyxw
437,f6xzf2f,t1_f6xyodh,Have you posted directions on how to make Black Tar Heroin in a previous AskReddit post ? I have you tagged as 'Black Tar Instructor' for some reason.,t3_dtmyxw
438,f6xzppu,t1_f6xylwn,You were just meant to be an investigative journalist. Go get that. We need you.,t3_dtmyxw
439,f6y3fzp,t1_f6xylwn,[deleted],t3_dtmyxw
440,f6y02df,t1_f6xzn2l,I love it when the reporter repeatedly calls them out on it and keeps asking. Very rarely do they end up getting an actual answer but at least they make sure the audience knows what's happening rather than just letting them dodge it.,t3_dtmyxw
441,f6yam6r,t1_f6y9mf9,And this is different from the past 3 years how?,t3_dtmyxw
442,f6xxse7,t1_f6xnesg,Or just drink every time you‚Äôre not drinking.,t3_dtmyxw
443,f6y4wey,t1_f6xxnvc,* ‚Äùand I fuck cats‚Äù  :(,t3_dtmyxw
444,f6ydgmu,t1_f6y3qip,"""It just costs that much for the best healthcare in the world"" 

My shitty co-workers",t3_dtmyxw
445,f6ybzmz,t1_f6y3qip,"[You reminded me of an Onion tradition.](https://en.wikipedia.org/wiki/%27No_Way_To_Prevent_This,%27_Says_Only_Nation_Where_This_Regularly_Happens)",t3_dtmyxw
446,f6yaej3,t1_f6y3qip,But that won't make us any money.,t3_dtmyxw
447,f6y6qd9,t1_f6y24yc,"My dad doesn't seem to grasp that if he got cancer it would destroy his life financially.  Doesn't care, doesn't think it'll happen to him.",t3_dtmyxw
448,f6yaifx,t1_f6y24yc,"I used to know/work with/be friends with a bunch of ex-convicts.  They used to say, a Republican is just a Democrat who hasn't gone to jail yet.  It's amazing how quickly you discover that ethics are good things when the same kind of good 'ol boy who used to drink with you at the bar is now strip-searching you because he's bored.  You go from hating undesirables to becoming an undesirable, and you realize how wrong you've been.",t3_dtmyxw
449,f6y54wv,t1_f6y3gc4,"And it would ultimately save consumers money. You (the people of the US) spend far more per capita on healthcare than every other country in the world, including all the countries with comprehensive universal healthcare.

[https://www.wikipedia.org/en/List\_of\_countries\_by\_total\_health\_expenditure\_per\_capita](https://www.wikiwand.com/en/List_of_countries_by_total_health_expenditure_per_capita) (sources: OECD, WHO and World Bank)

And it's not as though the US has the best *quality* healthcare in the world.

[https://en.wikipedia.org/wiki/List\_of\_countries\_by\_quality\_of\_healthcare](https://en.wikipedia.org/wiki/List_of_countries_by_quality_of_healthcare)

 [https://en.wikipedia.org/wiki/List\_of\_countries\_by\_infant\_and\_under-five\_mortality\_rates](https://en.wikipedia.org/wiki/List_of_countries_by_infant_and_under-five_mortality_rates) (US comes in at 32nd)",t3_dtmyxw
450,f6y6t0p,t1_f6y3gc4,"Except the providers don‚Äôt get the money, the insurance companies do. Source: my wife is a health care professional. She just got out of network because she was tired of the insurance companies settling her rates and then not paying fuck all.",t3_dtmyxw
451,f6xyoqe,t1_f6xxqml,"Corporations are people, my friend.",t3_dtmyxw
452,f6ybsso,t1_f6y4lvn,"Acts 2:44-45 English Standard Version (ESV)
44 And all who believed were together and had all things in common. 45 And they were selling their possessions and belongings and distributing the proceeds to all, as any had need.

Early Christians were all about that social welfare. 

Modern Christians don't emulate a single goddamned Christ-like behavior.",t3_dtmyxw
453,f6y38oy,t1_f6y0tpn,What do they say when you explain them how a private insurance pool works?,t3_dtmyxw
454,f6y19in,t1_f6y0ylu,HEY WHAT A WONDERFUL KIND OF DAY,t3_dtmyxw
455,f6y00l0,t1_f6xzl59,[deleted],t3_dtmyxw
456,f6xzmw0,t1_f6xzl59,"Come along take my hand, let's all go to dragon laaaAAAaAAAnd",t3_dtmyxw
457,f6y3p7z,t1_f6xzl59,Fuck I miss Dragon Tales. That was such a feel good show.,t3_dtmyxw
458,f6y8cmp,t1_f6y53ux,"Finally! You've just reminded me of the name of a show I've been trying to find for a decade. Let the reminiscing commence. Thanks, friend!",t3_dtmyxw
459,f6yb6vl,t1_f6y53ux,"I was leap, leap, leaping along...",t3_dtmyxw
460,f6yhxqs,t1_f6y53ux,**Zaboomafoo**^(with the Kratt brothers!),t3_dtmyxw
461,f6y3i8p,t1_f6y02gi,Cyberchase was low key high quality TV. They managed to do long storylines on an episodic format. I don't think any other cartoons did that untill Adventure Time and Regular Show.,t3_dtmyxw
462,f6y4f17,t1_f6y02gi,Cyber chase we‚Äôre moving we‚Äôre beating Hacker at his game,t3_dtmyxw
463,f6y244r,t1_f6y02gi,[deleted],t3_dtmyxw
464,f6y5gf3,t1_f6y02gi,I loved Cyberchase dispite the fact that I'm terrible at math,t3_dtmyxw
465,f6y2c6z,t1_f6y17x2,I miss Wishbone so damn much.,t3_dtmyxw
466,f6y5elk,t1_f6y2scz,"Yeah, ""such as.""

And it was autocorrect^2.

Evidently, it thought I swiped, ""suck,"" and automatically put, ""balls,"" when I tried to swipe, ""as.""

...I should probably reflect on the fact that my phone automatically goes that way to anticipate my thoughts.",t3_dtmyxw
467,f6xzcs7,t1_f6xti05,I went under anesthesia just before he was inaugurated and came out after. The only way to travel.,t3_dtmyxw
468,f6xxz77,t1_f6xshg3,There was some guy kidnapped by the Taliban.  He said when they told him he thought they were joking,t3_dtmyxw
469,f6xygh8,t1_f6xshg3,"Psychologist and I now do forensic stuff, but my friends who work in ERs and similar were telling me they‚Äôve stopped asking ‚Äúwho is the president?‚Äù to check for orientation, because it upsets people, but one was saying they like to ask it with older immigrant folks, especially those using an interpreter, because many don‚Äôt know his name but will describe him and it‚Äôs funny to hear descriptions like ‚Äúthe screaming guy who doesn‚Äôt comb his hair‚Äù or ‚Äúthe guy with all the wives and the pornography friends who didn‚Äôt actually beat the blonde lawyer woman.‚Äù",t3_dtmyxw
470,f6xtl94,t1_f6xshg3,"Still don't believe it.

This is some incredible morphine",t3_dtmyxw
471,f6xylha,t1_f6xshg3,My polisci professor walked into the classroom the day after the election and told us that he didn't have a lecture prepared that day- the one he made was about why Trump lost,t3_dtmyxw
472,f6xvmqn,t1_f6xshg3,"Sir, you've been in a coma for the past forty-eight hours.",t3_dtmyxw
473,f6xyvhf,t1_f6xshg3,"My grandfather was under for heart surgery the day of the election. He woke up a day later and the first thing he asked my grandmother was ""who won?"" He apparently just closed his eyes and went back to sleep without saying a word after he heard the news. Not the news he was hoping to hear.",t3_dtmyxw
474,f6xy71x,t1_f6xy0cy,"""It's ok Pro, you Go when you feel like it.""",t3_dtmyxw
475,f6y3ofx,t1_f6xwxif,Gosh I love that movie. I was poor growing up and that‚Äôs the only dvd we had. I literally watched it everyday for a couple years. I love it. It holds a special place in my heart even though a lot of people don‚Äôt like it. Since then I‚Äôve watch 1 and 2 and they‚Äôre just as great!,t3_dtmyxw
476,f6xzi99,t1_f6xz3eu,[deleted],t3_dtmyxw
477,f6y26rz,t1_f6xx88o,$100 on suicide by homicidal strangulation,t3_dtmyxw
478,f6xwxjc,t1_f6xws0x,We have rugby in the US.,t3_dtmyxw
479,f6yx4y1,t1_f6yktr8,Now kith!,t3_dtmyxw
480,f6yyvq0,t1_f6yktr8,But Jacque Cousteau could never get this low.,t3_dtmyxw
481,f6ykb1r,t1_f6yjlvb,I feel oddly British about it.,t3_dtmyxw
482,f6ygyyg,t1_f6ygmg9,"I am Arthur, king of the Britain",t3_dtmyxw
483,f6yesij,t1_f6yckz7,Nah. His eyes are too lifeless.,t3_dtmyxw
484,f6yvrtj,t1_f6ymruo,Same but it‚Äôs my boyfriend so I have to smile and pretend I haven‚Äôt seen it yet.,t3_dtmyxw
485,f6y0qo9,t1_f6y0cz4,I do not recall.,t3_dtmyxw
486,f6yyaqg,t1_f6yje0l,Or just mute their mic,t3_dtmyxw
487,f6y7bkk,t1_f6y1d7o,"I like how this is also a joke about how common the viewpoint is that the current debate format sucks. There's so much wrong with modern-day democracy, but even now that some Americans are more active in politics it seems hard to make a dent in the overall process. The main thing to remember is to keep going and that Michael Bloomberg is in Epstein's black book of customers.",t3_dtmyxw
488,f6y4z0u,t1_f6y1d7o,Fuck that let's divvy them up into dodgeball teams.,t3_dtmyxw
489,f6xwufx,t1_f6xujma,**LOOK AT MY CALENDARS**,t3_dtmyxw
490,f6xyyoo,t1_f6xujma,***I LEIK BEERE***,t3_dtmyxw
491,f6xy3zf,t1_f6xx1sa,"Instructions unclear, filled pint glass with grain alcohol.",t3_dtmyxw
492,f6y2ia7,t1_f6y02df,"It makes great interviews, but it also means that reporter is unlikely to get another interview with that person.",t3_dtmyxw
493,f6yinmn,t1_f6y02df,"One thing I'd love to see but never have is the journalist asking ""can you repeat the question I just asked back to me?"" at the end of a ramble that has nothing to do with the question whatsoever. Not sure how well it'd go over, but it'd be so satisfying to watch.",t3_dtmyxw
494,f6ycvne,t1_f6yam6r,You didn‚Äôt die of alcohol poisoning the past three years.,t3_dtmyxw
495,f6xy5ds,t1_f6xxse7,I see you like to live dangerously...,t3_dtmyxw
496,f6y51x9,t1_f6y4wey,rip burt,t3_dtmyxw
497,f6yfcua,t1_f6ydgmu,"Which none of them receive, because that best healthcare is only for the elites

Dumbasses",t3_dtmyxw
498,f6ysxpd,t1_f6ydgmu,"""We have the best insulin. I cant afford it, but we have it.""",t3_dtmyxw
499,f6yoeoh,t1_f6ydgmu,"[3000 dollars for a blood test?](https://www.reddit.com/r/pics/comments/1tugnm/i_never_truly_understood_how_much_healthcare_in/cebpaa8/)

In my country that could pay for one year tuition in one of the top private schools (elementary or high), or 2 and a half years at the top state university.

Btw our top private hospital only charges the equivalent of 80 US dollars for a similar test, if you don't have insurance. We're working on bringing that number down to free (healthcare bills are continuously being passed)",t3_dtmyxw
500,f6yb2ky,t1_f6y6qd9,My dad got cancer he was dead within 5 months. He made 200k a year for 15 years. We had what s considered ‚Äúgreat‚Äù insurance. Drained 800k worth of savings. If my dad didn‚Äôt pay into substantial life insurance my disabled mom would be homeless.,t3_dtmyxw
501,f6y6ygf,t1_f6y6qd9,"That's how it is with everyone, the ""I'm alright Jack"" mentality...until they're not and they bitch that they're fucked",t3_dtmyxw
502,f6y5ahu,t1_f6y54wv,"That's one of my biggest points I'm making in my paper! I'm doing direct comparisons to Canada numbers. Idk currently, but as of about 5 years ago, our cost per capita is at least 5 times that of Canada. 

People bitch about ""wait times"" on medical care. I found that something like 18,000 Americans die each year because they can't afford medical care.",t3_dtmyxw
503,f6y6oa5,t1_f6y54wv,"On outcomes, the US isn‚Äôt the worst though. They‚Äôre top ten in most cancer and cardio vascular treatments. Japan and South Korea appear to be consistently higher though.",t3_dtmyxw
504,f6xzxs9,t1_f6xyoqe,"""I'll believe corporations are people when the great state of Texas executes one""

- random bumper sticker I saw",t3_dtmyxw
505,f6y0f01,t1_f6xyoqe,"The law says corporations are people, and psychology says those people are psychopaths.",t3_dtmyxw
506,f6y3h7f,t1_f6y38oy,Something something free market,t3_dtmyxw
507,f6y473x,t1_f6y19in,WHERE WE CAN LEARN TO WORK AND PLAY,t3_dtmyxw
508,f6y8apx,t1_f6y00l0,I love reddit....i really do,t3_dtmyxw
509,f6y2jcq,t1_f6xzmw0,">I wish, I wish,

>With all my heart,

>To fly with dragons!

>In a land apart.

Some stuff just sticks with you.",t3_dtmyxw
510,f6y6hy9,t1_f6y3i8p,"Avatar the last Airbender did it, where every episode was separated enough to be its own thing, but still had a bearing on the overarching plot. Like Kotara's of learning bloodbending was basically a horror episode focused solely on that, but still had a meaningful way of developing characters and their abilities",t3_dtmyxw
511,f6yamev,t1_f6y3i8p,"My favorite part is that it taught me Mathematical insight instead of just teaching how to do math. There was an episode that revolved around the fact that you can increase the total length of a parallelogram by changing the angles, or another where they taught that you can change a shape's area while keeping the perimeter the same, or changing the speed of a gear train by changing the gears' size.",t3_dtmyxw
512,f6y6a3k,t1_f6y244r,"That‚Äôs THE Hacker, to you!",t3_dtmyxw
513,f6y8s5k,t1_f6y5elk,Its past my bedtime when a simple autocorrect can make me almost piss my pants,t3_dtmyxw
514,f6y86uf,t1_f6y5elk,[deleted],t3_dtmyxw
515,f6y8djm,t1_f6y5elk,that's fucking hilarious,t3_dtmyxw
516,f6y2jgg,t1_f6xzcs7,"Is it possible to be anaesthetised for say, four or five years? Is this a service that can be bought?

Seriously, with the UK taking a shit with its clothes on and the US doing much of the same I‚Äôd be quite happy to skip the next few years.",t3_dtmyxw
517,f6y2wgl,t1_f6xxz77,It must be mind-blowing to kids that trump was a reality tv star.,t3_dtmyxw
518,f6y09t9,t1_f6xygh8,"They still asked it when my dad was in the hospital in 2018. He had some understandable disorientation so when they asked him who the president was at first he said Reagan (his favorite president) and then he stopped himself, said that's not right, thought about it but apparently couldn't remember Trump's name so he just said ""the orange guy."" Got the point across, lol.",t3_dtmyxw
519,f6y16xk,t1_f6xygh8,"My mom is 76 and was experiencing an altered mental status due to an infection. She had fallen, and was not acting right, and we were trying to get her to go to the hospital via ambulance, but she was resisting, and we didn‚Äôt have Power of Attorney. The EMT was assessing orientation and asked if she knew the year - ‚Äú2019.‚Äù Did she know what day it was? ‚ÄúFriday.‚Äù Did she know who the President was? ‚ÄúUNFORTUNATELY.‚Äù  There were about six people in the room, and nobody could stop snickering for about five minutes.",t3_dtmyxw
520,f6y3zex,t1_f6xygh8,"We still asked it at our hospital. One elderly patient couldn't quite remember but said, ""That asshole!!"" We accepted that answer.",t3_dtmyxw
521,f6y23tp,t1_f6xygh8,"I work in a similar setting, a client asked me why staff don't ask that question to check for mental confusion anymore and I said, ""because we prefer not to think about it"" she laughed and understood lol",t3_dtmyxw
522,f6xxs94,t1_f6xtl94,When does the euphoria kick in?,t3_dtmyxw
523,f6xz6ky,t1_f6xvmqn,oh boy i can't wait to see what clinton did as president,t3_dtmyxw
524,f6y5o9k,t1_f6y26rz,Epsteinitis?,t3_dtmyxw
525,f6xy7o7,t1_f6xwxjc,We do but it's not one of the more popular ones.,t3_dtmyxw
526,f6yl314,t1_f6ykb1r,That'll be the booze.,t3_dtmyxw
527,f6yhpy5,t1_f6ygyyg,My Liege!,t3_dtmyxw
528,f6y34dw,t1_f6y0qo9,Drink,t3_dtmyxw
529,f6xx2pi,t1_f6xwufx,Squeeeeeeeeeee,t3_dtmyxw
530,f6xyyd9,t1_f6xwufx,"BINDERS FULL OF WOMAN. 

Whoops, wrong guy...",t3_dtmyxw
531,f6y00l6,t1_f6xwufx,"*cries*
My dad....he was such a great man....keeping these calendars when he was with us.....
*Dad is sitting right behind him*",t3_dtmyxw
532,f6xzg77,t1_f6xwufx,Looks like I‚Äôve got a 4:30 Devil‚Äôs Triangle scheduled.,t3_dtmyxw
533,f6xyhhv,t1_f6xwufx,*Red faced man child tantrum intensifies*,t3_dtmyxw
534,f6xxekw,t1_f6xwufx,BUT HIS CALENDARS....!,t3_dtmyxw
535,f6xyzv1,t1_f6xy3zf,You wouldn't even be able to have that grain without the Farmer's stimulus.,t3_dtmyxw
536,f6y5h4d,t1_f6y2ia7,"Or worse, with *any* other politicians.

Overall, maybe that's not worse, when you consider how much less time they would have to spend with shitty people.",t3_dtmyxw
537,f6y95q6,t1_f6y51x9,Wtf u scared the shit out of me he's still alive,t3_dtmyxw
538,f6yumm3,t1_f6yoeoh,"It takes 200-300 rupees for a blood test here.
Converting to dollars: 3-4 dollars.",t3_dtmyxw
539,f6y737x,t1_f6y6ygf,That's where I hope to be different.,t3_dtmyxw
540,f6y8x55,t1_f6y5ahu,"Wait time in Canada is on non-urgent services, and most of the time you won‚Äôt hear people complaining because it‚Äôs reasonable.",t3_dtmyxw
541,f6y76y8,t1_f6y5ahu,"Genuinally curious on this cause my parents always bring it up when I debate health care with them, is there actually a significantly longer wait time for universal health care vs those in the US who do have health care?",t3_dtmyxw
542,f6y141l,t1_f6xzxs9,Reminder that Texas is going to execute an innocent man in 12 days!,t3_dtmyxw
543,f6y567y,t1_f6y473x,AND GET ALONG WITH EACH OTHER,t3_dtmyxw
544,f6y8e94,t1_f6y8apx,"we love you too, bud",t3_dtmyxw
545,f6y5g40,t1_f6y2jcq,">I wish, I wish

>To use this rhyme 

>To go back home

>Until next time",t3_dtmyxw
546,f6y34zd,t1_f6y2jcq,fuck that's what got me into D&D tbh. fuckin love dragon tales.,t3_dtmyxw
547,f6y56x6,t1_f6y2jcq,"I remember that by heart for some reason, that show was the shit.",t3_dtmyxw
548,f6yb9jf,t1_f6y86uf,"How often do you use the word ""hope?"" You must be a wonderful person!",t3_dtmyxw
549,f6y4bbj,t1_f6y2jgg,"""A shit with its clothes on"" r/rareinsults",t3_dtmyxw
550,f6y36o0,t1_f6y2wgl,Star is a very generous term for what he was.,t3_dtmyxw
551,f6y0lmd,t1_f6y09t9,"According to a couple friends who in the last few years completed their education and are in residency, they no longer teach that as a question to ask.  Older doctors set in their ways I can guarantee you still ask this question because they've done it for 30 years.",t3_dtmyxw
552,f6y9116,t1_f6y09t9,"i saw an old guy get asked the president question in hospital during an EKG test. He said  ""I don't want to say his name!"" and then started singing that old song ""when the furher says..."" Then the nurse asked him to relax (for the next part of the test). Too late! 

Yeah, they need to change that.",t3_dtmyxw
553,f6y4fs6,t1_f6y16xk,"Your mom's the GOAT.

Hope she's doing better.",t3_dtmyxw
554,f6ynceu,t1_f6yl314,"...it might be just that it‚Äôs almost 3 AM when you connected ‚Äúbooze‚Äù and ‚ÄúBriticism‚Äù in my brain, but suddenly I‚Äôm wondering if anyone has boiled vodka and made tea with it. They have other flavored vodkas so why not earl grey?",t3_dtmyxw
555,f6y4e3a,t1_f6y34dw,"Don't tell me what to do! 
*drinks profusely*",t3_dtmyxw
556,f6xyyji,t1_f6xx2pi,Handsy Hank and Donkey Dong Doug enter the chat.,t3_dtmyxw
557,f6xzfav,t1_f6xx2pi,"https://youtu.be/VRJecfRxbr8

The Hearing for anyone interested...",t3_dtmyxw
558,f6xxfjo,t1_f6xx2pi,"Yeah I know Brett kavanaughty by nature, squeeee",t3_dtmyxw
559,f6y1tud,t1_f6xyyd9,"Those were the days...

*Wistful nostalgic tear of longing rolls down cheek*",t3_dtmyxw
560,f6xzuu2,t1_f6xyzv1,Instructions unclear got syphilis from a steer,t3_dtmyxw
561,f6xzve6,t1_f6xyzv1,Do you stimulate farmers every time you have grain?,t3_dtmyxw
562,f6yccuv,t1_f6y5h4d,Nah the NPR interviews I've heard get to the point and don't let them dodge unless they basically say they aren't going to answer. Mary Louise Kelly is an artist when it comes to interviews.,t3_dtmyxw
563,f6yggzo,t1_f6y737x,"We have 2-3 generations here in the US that are pushing for it heavily. It's really only a matter of time, but like many other issues, we just keep putting them off until suddenly the oceans full of poison.",t3_dtmyxw
564,f6yamk4,t1_f6y8x55,"And even then,it's non-urgent specialist things for the most part, or non-urgent specialty testing.",t3_dtmyxw
565,f6yiyij,t1_f6y8x55,"And averages vary from place to place. The average time to wait for the specialist I need in Canada is two months, compared to four in the US. And more specifically, if I were to drive straight north and see the first specialist there, it'd only be six weeks compared to five months in my city.",t3_dtmyxw
566,f6y7rom,t1_f6y76y8,"Not really. If you're in rural nowheres and there are no doctors of course you're waiting unless you drive somewhere, but you'd wait anyways. No hospital is going to ignore you if you need urgent care, the only thing that happens is that things that can be delayed *are* delayed.

People complaining about wait times are still alive and able to complain.",t3_dtmyxw
567,f6y7iqj,t1_f6y76y8,"I mean, I'm an American and it took me no joke, SIX MONTHS to see a gastroenterologist.",t3_dtmyxw
568,f6y7svg,t1_f6y76y8,"If it's time sensitive, no, we'll get you in asap. If your knee hurts because you're too fat, you can't just walk in and demand surgery next week. If you're in the ER cause your kid has tummy troubles you'll be there a long time cause people with real problems get priority.

Admittedly having people dying at home because they can't afford to go to the hospital cuts down on the queue by at least 18,000.",t3_dtmyxw
569,f6yayub,t1_f6y76y8,I don't think it's true. For serious things here in Canada you get in rather quickly. I had a double hernia and was through my doctor within days had an ultrasound a week later and had my surgery completed within two months. That's pretty minor work though it would seem. My Aunt had surgery for breast cancer and was in for chemotherapy within a few weeks of being diagnosed.,t3_dtmyxw
570,f6y64ru,t1_f6y141l,we need a reddit bot that reminds us of current injustices so we can petition against them or at least know about them.,t3_dtmyxw
571,f6y1oax,t1_f6y141l,Who?,t3_dtmyxw
572,f6y6ceg,t1_f6y567y,HEY,t3_dtmyxw
573,f6y9hk0,t1_f6y34zd,You'd love a guy in my current campaign. He's playing a dragonborn barbarian named Ord.,t3_dtmyxw
574,f6y4uq0,t1_f6y4bbj,Underrated experience honestly,t3_dtmyxw
575,f6y0x4v,t1_f6y0lmd,"Gotcha. I don't remember how old the person who asked was, but it could have easily been someone who had been in the field for longer - he stayed awhile and had a huge team so there were people of all ages handling his care. Who asked is gone from my memory but the moment he tried to answer stuck. I remember we laughed about it after and I told him it was Trump which he recognized as soon as he heard it.",t3_dtmyxw
576,f6y02bg,t1_f6xyyji,"Aw dip, Jason!",t3_dtmyxw
577,f6y0eml,t1_f6xyyji,Y'all don't care about gang bang Greg do ya?,t3_dtmyxw
578,f6y29hw,t1_f6xyyji,This dude has a lifetime appointment on the Supreme Court. It blows my mind.,t3_dtmyxw
579,f6y2i1n,t1_f6y1tud,"Especially since the gaff basically boiled down to ‚Äúold dude fucks up at saying he knows a lot of capable women who would be interested‚Äù.

Other than his idiot Vp I could have 100% lived with him being the person I was angry at for winning.

Instead we are in todayworld where it‚Äôs like a feverdream of insanity",t3_dtmyxw
580,f6y7pbg,t1_f6y7iqj,It took me four just to see a GP in Arizona,t3_dtmyxw
581,f6y8phi,t1_f6y7svg,"I'm more talking about the non life threatening stuff though. For example I have something that feels like an ear infection and none of the over the counter stuff is working. I know it's not life threatening and other people have more important problems, but would I just have to deal with it for six months or so? Right now I don't want to pay to go to the doctor so I've been waiting and hoping it goes away and I'm just curious to know at what point would I get in to see a doctor with something small like this in a country with universal health care",t3_dtmyxw
582,f6y7loh,t1_f6y64ru,"If it listed injustices alphabetically, it would hit the character limit before ""B"".",t3_dtmyxw
583,f6y7pji,t1_f6y64ru,"We had one but Reddit servers couldn't handle the load. 

Then China invested in Reddit and the bot was sent to a reeducation camp and now all it does is delete pictures of Winnie the Pooh.",t3_dtmyxw
584,f6y1tkl,t1_f6y1oax,https://www.innocenceproject.org/10-facts-you-need-to-know-about-rodney-reed-who-is-scheduled-for-execution-on-november-20/,t3_dtmyxw
585,f6y8pso,t1_f6y6ceg,"YOU GOTTA LISTEN TO YOUR HEART, 

LISTEN TO THE BEAT",t3_dtmyxw
586,f6y53do,t1_f6y4uq0,"Paraplegic here. It gets old, *reeeal* quick.",t3_dtmyxw
587,f6y1c9g,t1_f6y02bg,"Aw dip, Pillboy!",t3_dtmyxw
588,f6y1aw9,t1_f6y0eml,Matt Damon is legend.,t3_dtmyxw
589,f6y7vl5,t1_f6y7pbg,"Getting to see a gynecologist is such a joke. Even just to walk in, have my blood pressure taken, confirm I am good with the current prescription, and get the renewal signed I'd have to schedule really long in advance.",t3_dtmyxw
590,f6y8tow,t1_f6y8phi,Same day. Ear infections can become quite serious.,t3_dtmyxw
591,f6y96nd,t1_f6y8phi,"In your case maybe a pharmacist would be able to direct you to something, and most family doctor (once you have one appointed, and maybe Quebec specific) will see you in the next 2-3 weeks, maybe faster if the pharmacist have serious doubts.",t3_dtmyxw
592,f6y9p1q,t1_f6y8phi,"Here (UK) if you know how to do it, you can normally see a GP in two to three days. Trick is to call your registered clinic right at 8am and ask if they have any free appointments. Chances are, someone will have cancelled theirs and you'll get to see a GP or duty nurse the same day.",t3_dtmyxw
593,f6ybr25,t1_f6y1tkl,">https://www.innocenceproject.org/10-facts-you-need-to-know-about-rodney-reed-who-is-scheduled-for-execution-on-november-20/

Wow that story is crazy. I'd be curious to hear the other side that's denying him the right to a retrial.",t3_dtmyxw
594,f6y2i5w,t1_f6y1tkl,[deleted],t3_dtmyxw
595,f6y8y0v,t1_f6y8pso,Listen to the rhythm.  The rhythm of the street.,t3_dtmyxw
