,body,created,timestamp
0,HOLDING!!!,1611880600.0,2021-01-28 17:36:40
1,Buy and hold amc,1611880599.0,2021-01-28 17:36:39
2,Spain in with 1500$,1611880553.0,2021-01-28 17:35:53
3,NEW DISCORD!!! [https://discord.gg/2BWabuNF](https://discord.gg/2BWabuNF)NEW DISCORD!!! [https://discord.gg/2BWabuNF](https://discord.gg/2BWabuNF)NEW DISCORD!!! [https://discord.gg/2BWabuNF](https://discord.gg/2BWabuNF)NEW DISCORD!!! [https://discord.gg/2BWabuNF](https://discord.gg/2BWabuNF)NEW DISCORD!!! [https://discord.gg/2BWabuNF](https://discord.gg/2BWabuNF)NEW DISCORD!!! [https://discord.gg/2BWabuNF](https://discord.gg/2BWabuNF)NEW DISCORD!!! [https://discord.gg/2BWabuNF](https://discord.gg/2BWabuNF)NEW DISCORD!!! [https://discord.gg/2BWabuNF](https://discord.gg/2BWabuNF)NEW DISCORD!!! [https://discord.gg/2BWabuNF](https://discord.gg/2BWabuNF)NEW DISCORD!!! [https://discord.gg/2BWabuNF](https://discord.gg/2BWabuNF)NEW DISCORD!!! [https://discord.gg/2BWabuNF](https://discord.gg/2BWabuNF)NEW DISCORD!!! [https://discord.gg/2BWabuNF](https://discord.gg/2BWabuNF)NEW DISCORD!!! [https://discord.gg/2BWabuNF](https://discord.gg/2BWabuNF)NEW DISCORD!!! [https://discord.gg/2BWabuNF](https://discord.gg/2BWabuNF)NEW DISCORD!!! [https://discord.gg/2BWabuNF](https://discord.gg/2BWabuNF),1611880600.0,2021-01-28 17:36:40
4," WHY AMC IS DOWN AFTERHOURS: Hedge fund managers, Short sellers, and Market Makers are using their extended hour trading to scare retail traders (You) off. Most retail traders (You) lack the ability to trade before and after the market opens/closes. This is why it is currently down. Once retail traders (You) are able to get back in at market open tomorrow, this will again go up. This is an attempt to scare ppl away from the stock. It will happen every single evening for the next several days so be prepared for this. If it is to stressful for you, please put away your phone/computer and check again",1611821380.0,2021-01-28 01:09:40
5,NEW DISCORD!!! [https://discord.gg/2BWabuNF](https://discord.gg/2BWabuNF)NEW DISCORD!!! [https://discord.gg/2BWabuNF](https://discord.gg/2BWabuNF)NEW DISCORD!!! [https://discord.gg/2BWabuNF](https://discord.gg/2BWabuNF)NEW DISCORD!!! [https://discord.gg/2BWabuNF](https://discord.gg/2BWabuNF)NEW DISCORD!!! [https://discord.gg/2BWabuNF](https://discord.gg/2BWabuNF)NEW DISCORD!!! [https://discord.gg/2BWabuNF](https://discord.gg/2BWabuNF)NEW DISCORD!!! [https://discord.gg/2BWabuNF](https://discord.gg/2BWabuNF)NEW DISCORD!!! [https://discord.gg/2BWabuNF](https://discord.gg/2BWabuNF)NEW DISCORD!!! [https://discord.gg/2BWabuNF](https://discord.gg/2BWabuNF)NEW DISCORD!!! [https://discord.gg/2BWabuNF](https://discord.gg/2BWabuNF)NEW DISCORD!!! [https://discord.gg/2BWabuNF](https://discord.gg/2BWabuNF)NEW DISCORD!!! [https://discord.gg/2BWabuNF](https://discord.gg/2BWabuNF)NEW DISCORD!!! [https://discord.gg/2BWabuNF](https://discord.gg/2BWabuNF),1611880599.0,2021-01-28 17:36:39
6,AMC TO THE MOON TOMORROW WHEN SHORTS HAVE TO COVER!!!!!,1611880595.0,2021-01-28 17:36:35
7,Buy on fidelity,1611880594.0,2021-01-28 17:36:34
8,So Iâ€™m thinking class action lawsuits against all trading platforms for collusion with the hedge fund fat cats? Whoâ€™s down?,1611875752.0,2021-01-28 16:15:52
9,"WHY AMC IS DOWN AFTERHOURS: Hedge fund managers, Short sellers, and Market Makers are using their extended hour trading to scare retail traders (You) off. Most retail traders (You) lack the ability to trade before and after the market opens/closes. This is why it is currently down. Once retail traders (You) are able to get back in at market open tomorrow, this will again go up. This is an attempt to scare ppl away from the stock. It will happen every single evening for the next several days so be prepared for this. If it is to stressful for you, please put away your phone/computer and check again in the morning. COPY AND PASTE THIS SO EVERYONE KNOWS THE TRUTH",1611821921.0,2021-01-28 01:18:41
10,"Best important thing is we don't sell. Buy and keep more, And  we can get 50$ in next week!!!!",1611880589.0,2021-01-28 17:36:29
11,"This is a worldwide effort, we got this. AMC only!",1611880584.0,2021-01-28 17:36:24
12,GUYS WE CAN DO THIS AS A TEAM,1611843623.0,2021-01-28 07:20:23
13,"WHY AMC IS DOWN AFTERHOURS:
Hedge fund managers, Short sellers, and Market Makers are using their extended hour trading to scare retail traders (You) off. Most retail traders (You) lack the ability to trade before and after the market opens/closes. This is why it is currently down. Once retail traders (You) are able to get back in at market open tomorrow, this will again go up. This is an attempt to scare ppl away from the stock. It will happen every single evening for the next several days so be prepared for this. If it is to stressful for you, please put away your phone/computer and check again",1611821769.0,2021-01-28 01:16:09
14,"MOST IMPORTANT THING YOU WILL READ ALL DAY: $AMC: Itâ€™s unlikely anyone here is selling. This is a short ladder. It only looks like the stock is selling off, ini reality, itâ€™s not. Hedge funds sell back and forth with one another at lower and lower bids in rapid succession, tricking algorithms into thinking there is a mass sell off when there actually isnâ€™t. (They do this to scare off retail investors to engineer a sell off).

Once the attack is over, the stock will normally go back up due to its demand. Then they will rinse and repeat their attack, each time hoping to chip away more and more retail investors. Most people in here know this, so if retail investors are selling, itâ€™s unlikely that itâ€™s anyone at all.

They are blatantly manipulating the marketing",1611876880.0,2021-01-28 16:34:40
15,even if your down donâ€™t sell thatâ€™s the only way to loose here! This is a movement we need to stick together we have big people backing us! This is turning into a free speech issue! Internet is about to go crazy on these fuckers !! Hold hold hold buy the dips if possible,1611873275.0,2021-01-28 15:34:35
16,ARE WE TRYING TO GIVE BIRTH WITH ALL THE PUSHING???,1611858361.0,2021-01-28 11:26:01
17,"spread the word 

I feel like there are a ton of new and confused traders in here so I'm going to help explain what's happening...

Gamestop (GME) and (AMC) are two failing companies who's stocks got a bump in the market due to some recent good, but ultimately inconsequential news. That jump caused large multi-billion dollar short-selling hedge funds to short GME and AMC stock with the assumption that they'd continue to fall after their bumps.

(Short selling is when someone borrows shares at a higher price then sells it with the assumption that they can buy the shares again later (1/29) at a cheaper price, give those shares back and then pocket the difference.)

This is where we the people (FB, Reddit, Twitter..) come in to ruin their day.

A bunch of us agree to flood AND HOLD! the stock with unexpected new money, causing the stock price to rise instead of fall. This causes the short sellers to lose money because they are going to have to give back those borrowed shares in the future (1/29).

As the short sellers watch the stock rise alomg with their losses, they start folding one by one and buying the stock in order to give the shares back and close their position. Buying those shares causes the stock to rise which in turn puts MORE pressure on the short sellers and more of them have to buy more shares... This is called a SHORT SQUEEZE.

On Friday (1/29), time will be up for many of the short sellers. They'll have to close out their positions by buying stock which will cause AMC, EXPR, and GameStop to sky rocket.

That is why you BUY NOW (apply pressure and start your investment) and HOLD. Because every person that sells is relieving the pressure and reducing the billions of dollars the hedge funds will owe us, the little guys.

The price will go up, and it will go down, just buy it and hold it at LEAST until Friday 1/29.

I copied this comment so Copy and paste to educate the people!",1611851633.0,2021-01-28 09:33:53
18,Brooooo CAN WE ALLL AS A COMMUNITY BUY BUY BUY BUY BUY DOGE COIN NOW AND THEN GET AMC IN THE MORNING,1611844156.0,2021-01-28 07:29:16
19,Doge to 1.00,1611844077.0,2021-01-28 07:27:57
20,AMC AND DOGE!!!,1611843914.0,2021-01-28 07:25:14
21,AMC AT 9:30am HOW IS DOGE A DISTRACTION NO ONE IS SAYING DONT GET AMC BUT YOU CANT GET IT UNTIL 9:30 AT OPENING WHILE YOU CAN ALSO TRADE DOGE ALL NIGHT,1611841342.0,2021-01-28 06:42:22
22,What is with you people. Do you even understand how this shit works? We are buying AMC because of how many short options have been called against it. All this shit with NAKD stfu. AMC and GME are the only two you should be focusing on. Everyone else gtfo.,1611831494.0,2021-01-28 03:58:14
23,"AMC
 WHY AMC IS DOWN AFTERHOURS: Hedge fund managers, Short sellers, and Market Makers are using their extended hour trading to scare retail traders (You) off. Most retail traders (You) lack the ability to trade before and after the market opens/closes. This is why it is currently down. Once retail traders (You) are able to get back in at market open tomorrow, this will again go up. This is an attempt to scare ppl away from the stock. It will happen every single evening for the next several days so be prepared for this. If it is to stressful for you, please put away your phone/computer and check again in the morning. COPY AND PASTE THIS SO EVERYONE KNOWS THE TRUTH",1611824106.0,2021-01-28 01:55:06
24,"If they remove communications about this, hold the line and buy even more. They are panicking!!!! F Wall Street. Trust the process. We must stay United in this...collectively we can ALL win. Hold and buy!!! AMC AMC",1611821589.0,2021-01-28 01:13:09
25,"Also, stop talking about other stocks right now. Holy shit people...do you not see the bigger picture. Banding together is getting so much attention. DO NOT SELL!!!!",1611821365.0,2021-01-28 01:09:25
26,"ğŸ¯Target Price for AMC + why it's dropping now + when we are doing Nokia, READ PLEASE: 

ğŸ“‰ We are actually in after-market where big funds try to drop the price. So don't panic, hold and buy more if you can, we made 300% today! Next step is Nokia (read below).
They will try to drop the price in every after and post market.

ğŸ¯ Targets:
- Today we made 300%
- Tomorrow target price 50$
- Long term price 250$

ğŸ† Next Stock is NOKIA after we reached AMC 250$ target price.

This is an historic moment boys, buy and hold. ğŸš€",1611813592.0,2021-01-27 22:59:52
27,"ğŸ†˜ why it's dropping ? READ :
Big fund are trying to drop the price, we are in after-market, don't panic it will be ok.

ğŸ“£ INFORMATIONS - UPVOTE
- Today we made 300%
- Tomorrow target price : 50$
 
â–ªï¸ When we reach 250$, next step is NOKIA

Buy And Hold, this is an historic moment, love you brothers.",1611810824.0,2021-01-27 22:13:44
28,WE GOT DAVID DOBRIK SUPPORT!!!!,1611808319.0,2021-01-27 21:31:59
29,proud OWNER of AMC right here boys,1611805414.0,2021-01-27 20:43:34
30,JUST SPENT $500 ON AMC,1611804872.0,2021-01-27 20:34:32
31,"TOGETHER WE STAND DIVIDED WE FALL!   


AMC ğŸš€ğŸš€ğŸš€ğŸš€  
AMC ğŸš€ğŸš€ğŸš€ğŸš€",1611804864.0,2021-01-27 20:34:24
32,Bought some more,1611880593.0,2021-01-28 17:36:33
33,You guys I put 10k$ worth of orders in this morning. WE CAN DO THIS!!!,1611880562.0,2021-01-28 17:36:02
34,BUY BUY BUY HOLD HOLD HOLD! GET RID OF YOUR ROBINHOOD account. Open a TD Ameritrade account ASAP to buy AMC and any other stock without restrictions!!! They have free trades and a much more advanced platform compared to Robinhood. They also won't screw you and don't share your private data like Robinhood does. TD Ameritrade FTW,1611880562.0,2021-01-28 17:36:02
35,BUY AND HOOLD !!!!,1611880560.0,2021-01-28 17:36:00
36,Don't panic! Hold that AMC!!!!,1611880553.0,2021-01-28 17:35:53
37,"UK in, 200 shares!!!",1611880552.0,2021-01-28 17:35:52
38," If you are panic selling then you don't understand how the short squeeze works. The short sellers MUST buy these stocks back, so if people don't sell them then the price goes up.  by NICHOLAS!!",1611880252.0,2021-01-28 17:30:52
39,"DO YOU GUYS REALIZE THE HEDGES ARE SHORT ON 32, 000, 0000 SHARES OF AMC? WHEN THOSE CALLS EXPIRE TOMORROW  THEY ARE GOING TO HAVE TO FUCKING BUY THOSE SHARES BACK AT A PREMIUM, WHICH WILL SEND AMC PRICE SOARING . HOLD YOU RETARDS, WE CAN DO THIS",1611879757.0,2021-01-28 17:22:37
40,"DO YOU GUYS REALIZE THE HEDGES ARE SHORT ON 32, 000, 0000 SHARES OF AMC? WHEN THOSE CALLS EXPIRE TOMORROW  THEY ARE GOING TO HAVE TO FUCKING BUY THOSE SHARES BACK AT A PREMIUM, WHICH WILL SEND AMC PRICE SOARING . HOLD YOU RETARDS, WE CAN DO THIS",1611879650.0,2021-01-28 17:20:50
41," **CLASS ACTION AGAINST ROBINHOOD. Allowing people to only sell is the definition of market manipulation. A class action must be started, Robinhood has made plenty of money off selling info about our trades to the hedge funds to be able to pay out a little for causing people to loose money now**",1611879206.0,2021-01-28 17:13:26
42,fuck robinhood,1611874693.0,2021-01-28 15:58:13
43,FILE LAWSUITS FOR MARKET MANIPULATION ON ROBINHOOD/CASHAPPFILE LAWSUITS FOR MARKET MANIPULATION ON ROBINHOOD/CASHAPP,1611874428.0,2021-01-28 15:53:48
44,"AMC $30 TODAY, $50 TOMORROW, $200 MOOON NEXT WEEK. \*\*SHORT SQUEEZE!!!!!\*\* HOLD POSITIONS. SHORT CONTRACTS WILL END FRIDAY. THEY WILL BE FORCED TO BUY.  THAT IS WHY THEY ARE TRING HARD TO SHUT US DOWN TODAY! AMC!!",1611874235.0,2021-01-28 15:50:35
45,HOLD POSITIONS. SHORT CONTRACTS WILL END FRIDAY. THEY WILL BE FORCED TO BUY.  THAT IS WHY THEY ARE TRING HARD TO SHUT US DOWN TODAY! AMC!!,1611872095.0,2021-01-28 15:14:55
46,CHILL WITH THE SPAMMING SO WE CAN ACTUALLY TALK,1611871985.0,2021-01-28 15:13:05
47,Itâ€™s not about pre market boys,1611870781.0,2021-01-28 14:53:01
48,I can be sure of one thing. There are many hedge fund lackeys clamoring for other stocks because they want to diversify our savings. All we have to do is to work together and throw our money to AMC,1611865970.0,2021-01-28 13:32:50
49,STONNKKKSSS,1611863014.0,2021-01-28 12:43:34
50,Everyone CASH APP ME 1$ SO I CAN INVEST MORE $andrew1901 â€¼ï¸â€¼ï¸ğŸš€ğŸš€ğŸš€,1611859671.0,2021-01-28 11:47:51
51,WE SURVIVED 2020 FOR A REASON LOL,1611859640.0,2021-01-28 11:47:20
52,I feel like Lester RN,1611859151.0,2021-01-28 11:39:11
53,Rolls Royce is a 1.69$,1611858847.0,2021-01-28 11:34:07
54,WALL STREET IN A PANDEMIC WE IN A BANDEMIC,1611858598.0,2021-01-28 11:29:58
55,18.69 GUYS KEEP PUSHING,1611858491.0,2021-01-28 11:28:11
56,I put 500 savings in Yolo. THERE IS NO BIG REWARDS WITHOUT HIGH RISK TO THE MOON AMC TO THE FUCKING MOON NOTHING ELSE AMC AMC,1611856229.0,2021-01-28 10:50:29
57,Federal chicken you smell of hedge fund,1611855242.0,2021-01-28 10:34:02
58,"I feel like there are a ton of new and confused traders in here so I'm going to help explain what's happening...

Gamestop (GME) and (AMC) are two failing companies who's stocks got a bump in the market due to some recent good, but ultimately inconsequential news. That jump caused large multi-billion dollar short-selling hedge funds to short GME and AMC stock with the assumption that they'd continue to fall after their bumps.

(Short selling is when someone borrows shares at a higher price then sells it with the assumption that they can buy the shares again later (1/29) at a cheaper price, give those shares back and then pocket the difference.)

This is where we the people (FB, Reddit, Twitter..) come in to ruin their day.

A bunch of us agree to flood AND HOLD! the stock with unexpected new money, causing the stock price to rise instead of fall. This causes the short sellers to lose money because they are going to have to give back those borrowed shares in the future (1/29).

As the short sellers watch the stock rise alomg with their losses, they start folding one by one and buying the stock in order to give the shares back and close their position. Buying those shares causes the stock to rise which in turn puts MORE pressure on the short sellers and more of them have to buy more shares... This is called a SHORT SQUEEZE.

On Friday (1/29), time will be up for many of the short sellers. They'll have to close out their positions by buying stock which will cause AMC, EXPR, and GameStop to sky rocket.

That is why you BUY NOW (apply pressure and start your investment) and HOLD. Because every person that sells is relieving the pressure and reducing the billions of dollars the hedge funds will owe us, the little guys.

The price will go up, and it will go down, just buy it and hold it at LEAST until Friday 1/29.

I copied this comment so Copy and paste to educate the people!",1611851538.0,2021-01-28 09:32:18
59,"bro yall lying, doge ain't doing shit. lol. still bought it though",1611851095.0,2021-01-28 09:24:55
60,Yeah the bank app was crashing and the phone lines were jammed at 9 but I was able to find a computer and buy some,1611798667.0,2021-01-27 18:51:07
61,Should I buy amc rn!!??,1611848593.0,2021-01-28 08:43:13
62,JUST FUCKING BOUGHT AMC RIGHT NOW LETS GO GERMANYYYYY BABYY,1611846814.0,2021-01-28 08:13:34
63,whatâ€™s amc goal ?,1611845993.0,2021-01-28 07:59:53
64,AMC will make us rich,1611845771.0,2021-01-28 07:56:11
65,Doge bastards - now u made me leave this chat. See u all at open - AMC to $30!!!!!!!!!!!!!,1611845336.0,2021-01-28 07:48:56
66,AMC is the focus.  Stop bringing others.  AMC shooters sell contracts Friday which will be a steroid to the price.  AMC!!!,1611845324.0,2021-01-28 07:48:44
67,Can yâ€™all shut the fuck up about doge. We have an opportunity to be millionaires with AMC and you are talking about the worst cryptocurrency on the market,1611844894.0,2021-01-28 07:41:34
68,all the people against doge when its a cent to buy. thsts huge profits to be had son!!! wake up,1611844609.0,2021-01-28 07:36:49
69,Can all of you just shut the fuck up about doge and other stupid shit and pump AMC?,1611844365.0,2021-01-28 07:32:45
70,Upvote if you are holding AMC - letâ€™s see how big we are!!!,1611844360.0,2021-01-28 07:32:40
71,WE DONT NEED DOGE TO GET TO 10 WE JUST NEED TO GET TO 1,1611844138.0,2021-01-28 07:28:58
72,Yâ€™all know if we rushed doge we wouldnâ€™t even need AMC it would just be the cherry on top in the morning,1611844014.0,2021-01-28 07:26:54
73,"DOGE, AMC GME",1611843966.0,2021-01-28 07:26:06
74,DOGE IS SO CHEAP YOUâ€™LL MAKE A KILLING IF WE GET IT TO A DOLLAR,1611843743.0,2021-01-28 07:22:23
75,WERE SENDING AMC TO THE MOON DONT GET DISTRACTED,1611843695.0,2021-01-28 07:21:35
76,When do we selll DOGE???,1611843501.0,2021-01-28 07:18:21
77,"WE ALL GOTTA PUMP INTO DOGE, TAKE THE MONEY OUT THEN PUMP INTO AMC TOMORROW",1611843486.0,2021-01-28 07:18:06
78,BELIEVE IN DOGE,1611843424.0,2021-01-28 07:17:04
79,"This should be the master plant.  If you want to make money before AMC opens tomorrow, we can pump dodge since you can trade 24/7 and sell before the market opens to use the prints for amc.  If you want to make money in the morning, buy AMC since you canâ€™t make money from it right now.",1611843312.0,2021-01-28 07:15:12
80,BUY DOGE TONIGHT BOYS WE WILL MAKE MONEY AND THEN PLACE THAT MONEY INTO AMC AND WE WILL MAKE MORE ğŸš€ğŸš€ğŸš€ğŸš€,1611843285.0,2021-01-28 07:14:45
81,We get ir to a dollar we are rich,1611843259.0,2021-01-28 07:14:19
82,"I just bought 500,000 doge coins, lets get it to a dollar soon ma dawgs",1611843100.0,2021-01-28 07:11:40
83,Doge all night lets gooğŸš€ğŸš€ğŸš€ğŸš€we can all do amc in the morning ehat else is there todo right now you cant invest nowhere else lets goo,1611842709.0,2021-01-28 07:05:09
84,"Doge all night, AMC in morning",1611842405.0,2021-01-28 07:00:05
85,Get these doge people out of here,1611841214.0,2021-01-28 06:40:14
86,"DO NOT FORGET AMC, THAT IS THE GOAL AT OPPENING AND ALL DAY TOMORROW, DOGE COIN CAN BE TRADED ALL DAY AND NIGHT MAKE MONEY ON DOGE NOW AND REINVEST IN AMC TOMORROW AT OPEN GET DOGE UP",1611840919.0,2021-01-28 06:35:19
87,"Seriously! Put $50 in dodge and you will have 3,500 shares! If we get it to $1, thatâ€™s $3500 you will have to put into AMC",1611840879.0,2021-01-28 06:34:39
88,"Dropped $1,000 in AMC",1611836670.0,2021-01-28 05:24:30
89,Doge to 1$,1611836476.0,2021-01-28 05:21:16
90,ğŸš€ğŸš€ğŸš€ğŸš€ğŸš€ğŸš€ğŸš€ğŸš€ğŸš€ğŸš€ğŸš€ğŸš€ğŸš€ã€€AMC AMC AMC AMC AMC AMC AMC    ğŸš€ğŸš€ğŸš€ğŸš€ğŸš€ğŸš€ğŸš€ğŸš€ğŸš€ğŸš€ğŸš€ğŸš€ğŸš€,1611836472.0,2021-01-28 05:21:12
91,AMC is the priority! Let's go to the movies on the moon!,1611836440.0,2021-01-28 05:20:40
92,Hold AMC until $200? $250? Or $300!?,1611836436.0,2021-01-28 05:20:36
93,if we see 300 amc I'll go take shirtless pic front off amc,1611834537.0,2021-01-28 04:48:57
94," COPY AND SHARE THIS!! QUIT FREAKING OUT! WHY AMC IS DOWN AFTERHOURS: Hedge fund managers, Short sellers, and Market Makers are using their extended hour trading to scare retail traders (You) off. Most retail traders (You) lack the ability to trade before and after the market opens/closes. This is why it is currently down. Once retail traders (You) are able to get back in at market open tomorrow, this will again go up. This is an attempt to scare ppl away from the stock. It will happen every single evening for the next several days so be prepared for this. If it is to stressful for you, please put away your phone/computer and check again",1611831184.0,2021-01-28 03:53:04
95," WHY GME, AMC ARE DOWN AFTERHOURS: Hedge fund managers, Short sellers,  and Market Makers are using their extended hour trading to scare retail  traders (You) off. Most retail traders (You) lack the ability to trade  before and after the market opens/closes. This is why it is currently  down. Once retail traders (You) are able to get back in at market open  tomorrow, this will again go up. This is an attempt to scare ppl away  from the stock. It will happen every single evening for the next several  days so be prepared for this. If it is to stressful for you, please put  away your phone/computer and check again in the morning. COPY AND PASTE  THIS SO EVERYONE KNOWS THE TRUTH",1611828066.0,2021-01-28 03:01:06
96,"#**REPOST SO PEOPLE CAN SEE 

LISTEN TO ME. DO NOT SELL TODAY. OR ANY DAY THIS WEEK. Drops are coming. They are counting on fear to beat us. Itâ€™s the only weapon they have, but it wonâ€™t work because we are retarded. The people are finally taking the power back from these boomer hedge fund big money shorting douchebags - the same people who messed everyone over in 2008 with CDOs and continue to screw you over to this day.

We only have strength if we stay in this TOGETHER. HOLD THE LINE. THE SHORT SQUEEZE HASNT HAPPENED YET. Donâ€™t pussy out you  idiots, we are going BALLS DEEP. The generation that perfected trash talk in COD lobbies takes shit from NOBODY. $10,000 IS NOT A MEME. I love you all you beautiful autistic bulls. Hang tight while we ride this thing into the  STRATOSPHERE.

APES TOGETHER STRONG    WE LIKE THE STOCK**",1611825283.0,2021-01-28 02:14:43
97,NAKD is gonna blow too BUT KEEP BUYING AMC. THATS MAIN PRIORITY BOYS. FUCK THESE HEDGE FUNDING PRICKS. ITS OUR TIME TO GET OUR FUCKING LAMBOS N DREAM HOUSES FOR US N THE FAM,1611824863.0,2021-01-28 02:07:43
98,"AMC
 WHY AMC IS DOWN AFTERHOURS: Hedge fund managers, Short sellers, and Market Makers are using their extended hour trading to scare retail traders (You) off. Most retail traders (You) lack the ability to trade before and after the market opens/closes. This is why it is currently down. Once retail traders (You) are able to get back in at market open tomorrow, this will again go up. This is an attempt to scare ppl away from the stock. It will happen every single evening for the next several days so be prepared for this. If it is to stressful for you, please put away your phone/computer and check again in the morning. COPY AND PASTE THIS SO EVERYONE KNOWS THE TRUTH",1611824441.0,2021-01-28 02:00:41
99,"Check all these accounts. If they were created in the last few hours or days, donâ€™t listen to them.",1611822841.0,2021-01-28 01:34:01
100,IF THIS PAGE GETS TAKEN DOWN. DO NOT SELL AMC UNTIL 100+,1611822349.0,2021-01-28 01:25:49
101," HOLD AMC....WHY AMC IS DOWN AFTERHOURS: Hedge fund managers, Short sellers, and Market Makers are using their extended hour trading to scare retail traders (You) off. Most retail traders (You) lack the ability to trade before and after the market opens/closes. This is why it is currently down. Once retail traders (You) are able to get back in at market open tomorrow, this will again go up. This is an attempt to scare ppl away from the stock. It will happen every single evening for the next several days so be prepared for this. If it is to stressful for you, please put away your phone/computer and check again",1611822156.0,2021-01-28 01:22:36
102,Why is everyone losing focus here. AMC is the prize. One stock at a time! Otherwise we lose to Wallstreet!,1611822014.0,2021-01-28 01:20:14
103," WHY AMC IS DOWN AFTERHOURS: Hedge fund managers, Short sellers, and Market Makers are using their extended hour trading to scare retail traders (You) off. Most retail traders (You) lack the ability to trade before and after the market opens/closes. This is why it is currently down. Once retail traders (You) are able to get back in at market open tomorrow, this will again go up. This is an attempt to scare ppl away from the stock. It will happen every single evening for the next several days so be prepared for this. If it is to stressful for you, please put away your phone/computer and check again in the morning. COPY AND PASTE THIS SO EVERYONE KNOWS THE TRUTH",1611821916.0,2021-01-28 01:18:36
104,"  
[**EstarossaOLove**](https://www.reddit.com/user/EstarossaOLove/)

WHY AMC IS DOWN AFTERHOURS: Hedge fund managers, Short sellers, and Market Makers are using their extended hour trading to scare retail traders (You) off. Most retail traders (You) lack the ability to trade before and after the market opens/closes. This is why it is currently down. Once retail traders (You) are able to get back in at market open tomorrow, this will again go up. This is an attempt to scare ppl away from the stock. It will happen every single evening for the next several days so be prepared for this. If it is to stressful for you, please put away your phone/computer and check again",1611821502.0,2021-01-28 01:11:42
105,"WHY AMC IS DOWN AFTERHOURS:
Hedge fund managers, Short sellers, and Market Makers are using their extended hour trading to scare retail traders (You) off. Most retail traders (You) lack the ability to trade before and after the market opens/closes. This is why it is currently down. Once retail traders (You) are able to get back in at market open tomorrow, this will again go up. This is an attempt to scare ppl away from the stock. It will happen every single evening for the next several days so be prepared for this. If it is to stressful for you, please put away your phone/computer and check again",1611821369.0,2021-01-28 01:09:29
106,"Soldiers hold tight and assemble this is the end game if you joined this community itâ€™s because you are one of many people who are tired of the big man winning.

WE WILL HOLD AND TOMORROW THEY WILL PAY DOUBLE",1611821355.0,2021-01-28 01:09:15
107,IF YOU CANT HANDLE THE TURBULENCE GET OFF THE ROCKET SHIP - THIS IS FOR THE BIG BOYS,1611821005.0,2021-01-28 01:03:25
108,"Stop selling!!! Buy more!!! This is why wall street beats us all the time.  People are impatient and get so scared. Stop being a bitch. Hold the line. We must remain United for this to work. For once, society ( this group) needs to stop thinking just about themselves and more about the bigger picture. We beat wall street if we stay together and work together!!! Donâ€™t be a bitch. Hold and buy!!! AMC AMC",1611820937.0,2021-01-28 01:02:17
109,Buy AMC,1611820717.0,2021-01-28 00:58:37
110,Why /r/wallstreetbets go private!?,1611820593.0,2021-01-28 00:56:33
111,"Wall street bets has been banned, so we are doing something right amc all the way!!!",1611820110.0,2021-01-28 00:48:30
112,$AMC and $NAKD,1611817279.0,2021-01-28 00:01:19
113,FOCUS ON ONE! ONLY THEN WE WILL HAVE IMPACT! AMCğŸš€ğŸš€,1611816909.0,2021-01-27 23:55:09
114,EVERYONE BUY AMC,1611814582.0,2021-01-27 23:16:22
115,Buy and hold,1611814109.0,2021-01-27 23:08:29
116,only AMC for now,1611814002.0,2021-01-27 23:06:42
117,[removed],1611813115.0,2021-01-27 22:51:55
118,"ğŸ¯Target Price + why it's dropping now + Nokia, READ PLEASE: 

ğŸ“‰ We are actually in after-market where big funds try to drop the price. So don't panic, hold and buy more if you can, we made 300% today! Next step is Nokia (read below).
They will try to drop the price in every after and post market.

ğŸ¯ Targets:
- Today we made 300%
- Tomorrow target price 50$
- Long term price 250$

ğŸ† Next Stock is NOKIA after we reached AMC 250$ target price.

This is an historic moment boys, buy and hold. ğŸš€",1611812279.0,2021-01-27 22:37:59
119,AMC this week SNDL next week!!! ğŸ˜ˆğŸ˜ˆğŸ˜ˆğŸ˜ˆğŸ˜ˆğŸ˜ˆğŸ˜ˆğŸ˜ˆğŸ˜ˆğŸ˜ˆğŸ˜ˆ,1611812155.0,2021-01-27 22:35:55
120,"ğŸ†˜ OFFICIAL RELEASE FROM THE PRESS: READ! â€œTomorrow $AMC will hit 20,000 and everyone on reddit will be richâ€",1611811187.0,2021-01-27 22:19:47
121,AMC better go up because Iâ€™m gonna get fired for watching the ticker all day,1611812584.0,2021-01-27 22:43:04
122,SNDL SNDL SNDL,1611810911.0,2021-01-27 22:15:11
123,SNDL NEXT ğŸš€ğŸš€ğŸš€ğŸš€,1611810783.0,2021-01-27 22:13:03
124,Iâ€™m so proud of us bois lets GOOOO,1611809372.0,2021-01-27 21:49:32
125,"Just bought 10 shares, wish I could afford some more. Letâ€™s do this though!",1611809228.0,2021-01-27 21:47:08
126,buy and hold amc and weâ€™ll run nok later,1611806665.0,2021-01-27 21:04:25
127,Bought $3000 stocks for AMC,1611806285.0,2021-01-27 20:58:05
128,ğŸš€BUY AMC ğŸš€ğŸš€BUY AMC ğŸš€ğŸš€BUY AMC ğŸš€ğŸš€BUY AMC ğŸš€ğŸš€BUY AMC ğŸš€ğŸš€BUY AMC ğŸš€ğŸš€BUY AMC ğŸš€ğŸš€BUY AMC ğŸš€ğŸš€BUY AMC ğŸš€ğŸš€BUY AMC ğŸš€ğŸš€BUY AMC ğŸš€ğŸš€BUY AMC ğŸš€ğŸš€BUY AMC ğŸš€ğŸš€BUY AMC ğŸš€ğŸš€BUY AMC ğŸš€ğŸš€BUY AMC ğŸš€,1611805810.0,2021-01-27 20:50:10
129,Dropped 40k on AMC.,1611804901.0,2021-01-27 20:35:01
130,Amc,1611804888.0,2021-01-27 20:34:48
131,Everyone target amc and we all make moneyğŸ¤²ğŸ»,1611804848.0,2021-01-27 20:34:08
132,Stick together and we make money. Buy and hold AMC,1611804848.0,2021-01-27 20:34:08
133,If you sell I will come to your house and fuck your mom,1611804306.0,2021-01-27 20:25:06
134,WE CAN MAKE SO MUCH DONT SELL BUY BUY,1611803867.0,2021-01-27 20:17:47
135,"Common people, we can finally manipulate the market on our favor.",1611800279.0,2021-01-27 19:17:59
136,1 month ago i invested 100 dollars in bb yesterday i soldthat took the profits and invested it all in amc when it was still around 4.30 a share today i nearlyt shit my pants when i woke up,1611798889.0,2021-01-27 18:54:49
137,NEW DISCORD!!! [https://discord.gg/2BWabuNF](https://discord.gg/2BWabuNF)NEW DISCORD!!! [https://discord.gg/2BWabuNF](https://discord.gg/2BWabuNF)NEW DISCORD!!! [https://discord.gg/2BWabuNF](https://discord.gg/2BWabuNF)NEW DISCORD!!! [https://discord.gg/2BWabuNF](https://discord.gg/2BWabuNF)NEW DISCORD!!! [https://discord.gg/2BWabuNF](https://discord.gg/2BWabuNF)NEW DISCORD!!! [https://discord.gg/2BWabuNF](https://discord.gg/2BWabuNF)NEW DISCORD!!! [https://discord.gg/2BWabuNF](https://discord.gg/2BWabuNF)NEW DISCORD!!! [https://discord.gg/2BWabuNF](https://discord.gg/2BWabuNF)NEW DISCORD!!! [https://discord.gg/2BWabuNF](https://discord.gg/2BWabuNF)NEW DISCORD!!! [https://discord.gg/2BWabuNF](https://discord.gg/2BWabuNF),1611880591.0,2021-01-28 17:36:31
138,ğŸ’€ğŸ’€ğŸ’€target 3~4$ lets gooooğŸ’€ğŸ’€ğŸ’€,1611880589.0,2021-01-28 17:36:29
139,"SHORT SQUEEZE, HOW WE CAN BREAK TOGETHER!!  If you are panic selling then you don't understand how the short squeeze works. The short sellers MUST buy these stocks back, so if people don't sell them then the price goes up.  by NICHOLAS!!",1611880588.0,2021-01-28 17:36:28
140,"just lost 10k, HOLDING",1611880588.0,2021-01-28 17:36:28
141,"Best important thing is we don't sell. Buy and keep more, And we can get 50$ in next week!!!!",1611880587.0,2021-01-28 17:36:27
142,HOLD AMC FUCK ROBINHOOD,1611880580.0,2021-01-28 17:36:20
143,ğŸ’€ğŸ’€ğŸ’€target 3~4$ lets gooooğŸ’€ğŸ’€ğŸ’€,1611880572.0,2021-01-28 17:36:12
144,Amc amc,1611880565.0,2021-01-28 17:36:05
145,Buy,1611880563.0,2021-01-28 17:36:03
146,"SHORT SQUEEZE, HOW WE CAN BREAK TOGETHER!!  If you are panic selling then you don't understand how the short squeeze works. The short sellers MUST buy these stocks back, so if people don't sell them then the price goes up.  by NICHOLAS!!",1611880561.0,2021-01-28 17:36:01
147,Amcc,1611880557.0,2021-01-28 17:35:57
148,"HOLD AMC, DONT GIVE UP!! AMC AMC AMC",1611880556.0,2021-01-28 17:35:56
149,"SHORT SQUEEZE, HOW WE CAN BREAK TOGETHER!!  If you are panic selling then you don't understand how the short squeeze works. The short sellers MUST buy these stocks back, so if people don't sell them then the price goes up.  by NICHOLAS!!",1611880508.0,2021-01-28 17:35:08
150,"SHORT SQUEEZE, HOW WE CAN BREAK TOGETHER!!  If you are panic selling then you don't understand how the short squeeze works. The short sellers MUST buy these stocks back, so if people don't sell them then the price goes up.  by NICHOLAS!!",1611880365.0,2021-01-28 17:32:45
151,BUY THE SHIT OUT OF AMC,1611880338.0,2021-01-28 17:32:18
152,Hold that shit!!!,1611880336.0,2021-01-28 17:32:16
153,U ARE ONLY DOWN IF U SELL DO NOT SELL,1611880336.0,2021-01-28 17:32:16
154,32 Million Shares tomorrow shorted expire just hold and buy,1611880259.0,2021-01-28 17:30:59
155,WE WILL RISE LIKE A FUCKING PHOENIX FROM THE ASHES,1611880251.0,2021-01-28 17:30:51
156,"DO YOU GUYS REALIZE THE HEDGES ARE SHORT ON 32, 000, 0000 SHARES OF AMC? WHEN THOSE CALLS EXPIRE TOMORROW  THEY ARE GOING TO HAVE TO FUCKING BUY THOSE SHARES BACK AT A PREMIUM, WHICH WILL SEND AMC PRICE SOARING . HOLD YOU RETARDS, WE CAN DO THIS",1611880183.0,2021-01-28 17:29:43
157,#deathtorobinhood,1611880034.0,2021-01-28 17:27:14
158,WHERE CAN I BUY AMC,1611880015.0,2021-01-28 17:26:55
159,"DO YOU GUYS REALIZE THE HEDGES ARE SHORT ON 32, 000, 0000 SHARES OF AMC? WHEN THOSE CALLS EXPIRE TOMORROW  THEY ARE GOING TO HAVE TO FUCKING BUY THOSE SHARES BACK AT A PREMIUM, WHICH WILL SEND AMC PRICE SOARING . HOLD YOU RETARDS, WE CAN DO THIS",1611879950.0,2021-01-28 17:25:50
160,"DO YOU GUYS REALIZE THE HEDGES ARE SHORT ON 32, 000, 0000 SHARES OF AMC? WHEN THOSE CALLS EXPIRE TOMORROW  THEY ARE GOING TO HAVE TO FUCKING BUY THOSE SHARES BACK AT A PREMIUM, WHICH WILL SEND AMC PRICE SOARING . HOLD YOU RETARDS, WE CAN DO THIS",1611879944.0,2021-01-28 17:25:44
161," DO YOU GUYS REALIZE THE HEDGES ARE SHORT ON 32, 000, 0000 SHARES OF AMC? WHEN THOSE CALLS EXPIRE TOMORROW THEY ARE GOING TO HAVE TO FUCKING BUY THOSE SHARES BACK AT A PREMIUM, WHICH WILL SEND AMC PRICE SOARING . HOLD YOU RETARDS, WE CAN DO THIS",1611879906.0,2021-01-28 17:25:06
162," DO YOU GUYS REALIZE THE HEDGES ARE SHORT ON 32, 000, 0000 SHARES OF AMC? WHEN THOSE CALLS EXPIRE TOMORROW THEY ARE GOING TO HAVE TO FUCKING BUY THOSE SHARES BACK AT A PREMIUM, WHICH WILL SEND AMC PRICE SOARING . HOLD YOU RETARDS, WE CAN DO THIS",1611879900.0,2021-01-28 17:25:00
163,"DO YOU GUYS REALIZE THE HEDGES ARE SHORT ON 32, 000, 0000 SHARES OF AMC? WHEN THOSE CALLS EXPIRE TOMORROW  THEY ARE GOING TO HAVE TO FUCKING BUY THOSE SHARES BACK AT A PREMIUM, WHICH WILL SEND AMC PRICE SOARING . HOLD YOU RETARDS, WE CAN DO THIS",1611879850.0,2021-01-28 17:24:10
164,DO NOT SELL AMC!! Robinhood has blocked the buying of more shares. If you try to sell you will get screwed up because who are you going to sell it to if nobody can buy it? They are trying to make you flood the market with sales offers and bring the price down. Dont fall for it!,1611879793.0,2021-01-28 17:23:13
165,DONT LET THE HEDGEFUNDS WIN THEY ARE SCARED YOU NEED TO HOLD LET THEM GO INTO THEIR POCKETS TO BUY OUR STICK AND WE ALL PROFIT!!!! HOKD THE LINE,1611879717.0,2021-01-28 17:21:57
166," DO YOU GUYS REALIZE THE HEDGES ARE SHORT ON 32, 000, 0000 SHARES OF AMC?  WHEN THOSE CALLS EXPIRE TOMORROW  THEY ARE GOING TO HAVE TO FUCKING BUY  THOSE SHARES BACK AT A PREMIUM, WHICH WILL SEND AMC PRICE SOARING .  HOLD YOU RETARDS, WE CAN DO THIS",1611879708.0,2021-01-28 17:21:48
167,buy amc i will be homeless if you donâ€™t,1611879698.0,2021-01-28 17:21:38
168,"DO YOU GUYS REALIZE THE HEDGES ARE SHORT ON 32, 000, 0000 SHARES OF AMC? WHEN THOSE CALLS EXPIRE TOMORROW  THEY ARE GOING TO HAVE TO FUCKING BUY THOSE SHARES BACK AT A PREMIUM, WHICH WILL SEND AMC PRICE SOARING . HOLD YOU RETARDS, WE CAN DO THIS",1611879682.0,2021-01-28 17:21:22
169,"DO YOU GUYS REALIZE THE HEDGES ARE SHORT ON 32, 000, 0000 SHARES OF AMC? WHEN THOSE CALLS EXPIRE TOMORROW  THEY ARE GOING TO HAVE TO FUCKING BUY THOSE SHARES BACK AT A PREMIUM, WHICH WILL SEND AMC PRICE SOARING . HOLD YOU RETARDS, WE CAN DO THIS",1611879677.0,2021-01-28 17:21:17
170,DO NOT SELL AMC!! Robinhood has blocked the buying of more shares. If you try to sell you will get screwed up because who are you going to sell it to if nobody can buy it? They are trying to make you flood the market with sales offers and bring the price down. Dont fall for it!,1611879652.0,2021-01-28 17:20:52
171,"DO YOU GUYS REALIZE THE HEDGES ARE SHORT ON 32, 000, 0000 SHARES OF AMC? WHEN THOSE CALLS EXPIRE TOMORROW  THEY ARE GOING TO HAVE TO FUCKING BUY THOSE SHARES BACK AT A PREMIUM, WHICH WILL SEND AMC PRICE SOARING . HOLD YOU RETARDS, WE CAN DO THIS",1611879634.0,2021-01-28 17:20:34
172,THEY ARE TRYING TO DIVIDE US DONT GIVE IN WE FINA MAKE HISTORY NIGGAZ,1611879604.0,2021-01-28 17:20:04
173, AMC is not actually going down.. Hedge funds are trading with each other to make it seem like we are bailing. They are trying to manipulate he market!!,1611879506.0,2021-01-28 17:18:26
174, After hearing that [$GME](https://twitter.com/search?q=%24GME&src=cashtag_click) and [**$AMC**](https://twitter.com/search?q=%24AMC&src=cashtag_click) are halted to lower the stock prices !! STOCK MARKET WAS NOT FREE/FAIR TRADEE!!! IT'S BEEN PLAYED BY RICH/HEDGES!!!!,1611879425.0,2021-01-28 17:17:05
175,AMC GUYS UNITE TOGETHER CONCENTRATE ON ONE STOCK OR BE DIVIDED AND RULED BY WALL STREET SHOUT ON EVERY PLATFORM YOU CAN BOOST AMC $250 Think about our families ğŸ‘ªwe need this for them,1611879413.0,2021-01-28 17:16:53
176,just bought 1000 share of AMC,1611879383.0,2021-01-28 17:16:23
177,"IF YOU'RE NOT IN AMC, NOK, OR GME GTFO OF HERE W/ YOUR SHITTY ADVESTMENT ADVICE! THIS IS ABOUT SOMETHING MORE THAN THAT. WE WILL GO DOWN IN HISTORY!!!!",1611879228.0,2021-01-28 17:13:48
178," **CLASS ACTION AGAINST ROBINHOOD. Allowing people to only sell is the definition of market manipulation. A class action must be started, Robinhood has made plenty of money off selling info about our trades to the hedge funds to be able to pay out a little for causing people to loose money now**",1611879210.0,2021-01-28 17:13:30
179,AMC is not actually going down.. Hedge funds are trading with each other to make it seem like we are bailing. They are trying to manipulate he market!!,1611879201.0,2021-01-28 17:13:21
180,i FEEL BAD FOR EVERYONE WHO SOLD AMC AT $7. YOU GOT PLAYED LIKE A FIDDLE BY THE INSTITUTIONS!!!,1611878965.0,2021-01-28 17:09:25
181,Buy ctrm,1611878909.0,2021-01-28 17:08:29
182,I'm down big time but not selling,1611878875.0,2021-01-28 17:07:55
183,600 shares!,1611878873.0,2021-01-28 17:07:53
184,Bought 1000 more,1611878310.0,2021-01-28 16:58:30
185,"IF YOU CAN'T BUY - LIKE, SHARE, UPVOTE, TWEET, ETC... - WE NEED MORE PEOPLE!!",1611878131.0,2021-01-28 16:55:31
186,BOYCOTT RH,1611878120.0,2021-01-28 16:55:20
187,BUY THE DIP AND HOLD AMC AMC AMC ğŸš€ğŸš€ğŸš€,1611878056.0,2021-01-28 16:54:16
188,I have 9k in AMC stock. Iâ€™ve held. Not sold. Donâ€™t sell and buy the dip.,1611878032.0,2021-01-28 16:53:52
189,WALLSTREET ARE FALSELY ADVERTISING THE ACTUAL PRICE OF AMC SO EVERYONE SELLS SO THAT THE HEDGE FUND MANAGERS DONT LOSE AS MUCH,1611877801.0,2021-01-28 16:50:01
190,OMG U FUCKING RETARDS DO NOT. FUCKING SELL THIS SHIT. KEEP IT AND WE ALL ARE RICHOMG U FUCKING RETARDS DO NOT. FUCKING SELL THIS SHIT. KEEP IT AND WE ALL ARE RICH,1611877699.0,2021-01-28 16:48:19
191,in for another 1000,1611877691.0,2021-01-28 16:48:11
192,SELL ALL OTHER STOCKS BUT AMC AND PUT IT IN AMC,1611877601.0,2021-01-28 16:46:41
193,just bought 100k worth of shares,1611877563.0,2021-01-28 16:46:03
194,Bought 10k,1611877563.0,2021-01-28 16:46:03
195,#BOUGHT 670K GUYS,1611877451.0,2021-01-28 16:44:11
196,Buy the dip!,1611877442.0,2021-01-28 16:44:02
197,You canâ€™t scare me from amc,1611877440.0,2021-01-28 16:44:00
198,It will mooning again. Buy the dip.,1611877439.0,2021-01-28 16:43:59
199,HOLD AMC AMC AMC AMC AMC,1611877438.0,2021-01-28 16:43:58
200,AMC to 100 remember the goal,1611877437.0,2021-01-28 16:43:57
201,"#amc Itâ€™s unlikely anyone here is selling. This is ashort ladder. It only looks like the stock is sellingoff, ini reality, itâ€™s not. Hedge funds sell bac and forth with one another at lower and lower bids i rapid succession, tricking algorithms into thinking there is amasssell",1611877333.0,2021-01-28 16:42:13
202,There are millions of people waiting to buy once they are allowed this will sky rocket.,1611877186.0,2021-01-28 16:39:46
203,  ğŸ“· ğŸ“· ğŸ“· FOCUS on AMC and GME Guys.. Ignore the SPAM.. We need our Focus on AMC and GME.... ğŸ“· ğŸ“· ğŸ“· ğŸ“· ğŸ“·  If you missed the BOAT and Feel GME is out of your league Focus on AMC .. AMC is the chance to buy Low NOW,1611877141.0,2021-01-28 16:39:01
204,Robin hood class action incoming,1611877128.0,2021-01-28 16:38:48
205,file complaints to the powes that be abd in time well. all get off robinhood cause fuck them,1611877043.0,2021-01-28 16:37:23
206,WALLSTREET ARE FALSELY ADVERTISING THE ACTUAL PRICE OF AMC SO EVERYONE SELLS SO THAT THE HEDGE FUND MANAGERS DONT LOSE AS MUCH,1611877043.0,2021-01-28 16:37:23
207,"MOST IMPORTANT THING YOU WILL READ ALL DAY: $AMC: Itâ€™s unlikely anyone here is selling. This is a short ladder. It only looks like the stock is selling off, ini reality, itâ€™s not. Hedge funds sell back and forth with one another at lower and lower bids in rapid succession, tricking algorithms into thinking there is a mass sell off when there actually isnâ€™t. (They do this to scare off retail investors to engineer a sell off).

Once the attack is over, the stock will normally go back up due to its demand. Then they will rinse and repeat their attack, each time hoping to chip away more and more retail investors. Most people in here know this, so if retail investors are selling, itâ€™s unlikely that itâ€™s anyone at all.

They are blatantly manipulating the marketing",1611876994.0,2021-01-28 16:36:34
208,They ARE MANIPULATING THE PRICE! DON'T LET THEM SCARE YOU IT NOT THE REAL PRICE BUY BUY BUY,1611876955.0,2021-01-28 16:35:55
209,"MOST IMPORTANT THING YOU WILL READ ALL DAY: $AMC: Itâ€™s unlikely anyone here is selling. This is a short ladder. It only looks like the stock is selling off, ini reality, itâ€™s not. Hedge funds sell back and forth with one another at lower and lower bids in rapid succession, tricking algorithms into thinking there is a mass sell off when there actually isnâ€™t. (They do this to scare off retail investors to engineer a sell off).

Once the attack is over, the stock will normally go back up due to its demand. Then they will rinse and repeat their attack, each time hoping to chip away more and more retail investors. Most people in here know this, so if retail investors are selling, itâ€™s unlikely that itâ€™s anyone at all.

They are blatantly manipulating the marketing",1611876947.0,2021-01-28 16:35:47
210,Im a whole women and still holding even tho Iâ€™m down.. do you men have balls????? Or were they removed????????????????? Fucking pussys get out of here  scared lil bitches,1611876879.0,2021-01-28 16:34:39
211," MOST IMPORTANT THING YOU WILL READ ALL DAY: $AMC: Itâ€™s unlikely anyone here is selling. This is a short ladder. It only looks like the stock is selling off, ini reality, itâ€™s not. Hedge funds sell back and forth with one another at lower and lower bids in rapid succession, tricking algorithms into thinking there is a mass sell off when there actually isnâ€™t. (They do this to scare off retail investors to engineer a sell off).  


Once the attack is over, the stock will normally go back up due to its demand. Then they will rinse and repeat their attack, each time hoping to chip away more and more retail investors. Most people in here know this, so if retail investors are selling, itâ€™s unlikely that itâ€™s anyone at all.  


They are blatantly manipulating the marketing",1611876844.0,2021-01-28 16:34:04
212," MOST IMPORTANT THING YOU WILL READ ALL DAY: $AMC: Itâ€™s unlikely anyone here is selling. This is a short ladder. It only looks like the stock is selling off, ini reality, itâ€™s not. Hedge funds sell back and forth with one another at lower and lower bids in rapid succession, tricking algorithms into thinking there is a mass sell off when there actually isnâ€™t. (They do this to scare off retail investors to engineer a sell off).  


Once the attack is over, the stock will normally go back up due to its demand. Then they will rinse and repeat their attack, each time hoping to chip away more and more retail investors. Most people in here know this, so if retail investors are selling, itâ€™s unlikely that itâ€™s anyone at all.  


They are blatantly manipulating the marketing",1611876837.0,2021-01-28 16:33:57
213,"just imagine when GME was at this stage, did you scare and quit?",1611876758.0,2021-01-28 16:32:38
214,GOD DAMN IT FUCKING HOLD!!!!!!,1611876549.0,2021-01-28 16:29:09
215,sndl and doge!!,1611876310.0,2021-01-28 16:25:10
216, AMC $200 ğŸš€ğŸš€ğŸš€ğŸš€ğŸš€ğŸš€ AMC $200 ğŸš€ğŸš€ğŸš€ğŸš€ğŸš€ğŸš€ AMC $200 ğŸš€ğŸš€ğŸš€ğŸš€ğŸš€ğŸš€ AMC $200 ğŸš€ğŸš€ğŸš€ğŸš€ğŸš€ğŸš€ AMC $200 ğŸš€ğŸš€ğŸš€ğŸš€ğŸš€ğŸš€ AMC $200 ğŸš€ğŸš€ğŸš€ğŸš€ğŸš€ğŸš€ AMC $200 ğŸš€ğŸš€ğŸš€ğŸš€ğŸš€ğŸš€ AMC $200 ğŸš€ğŸš€ğŸš€ğŸš€ğŸš€ğŸš€ AMC $200 ğŸš€ğŸš€ğŸš€ğŸš€ğŸš€ğŸš€ AMC $200 ğŸš€ğŸš€ğŸš€ğŸš€ğŸš€ğŸš€ AMC $200 ğŸš€ğŸš€ğŸš€ğŸš€ğŸš€ğŸš€ AMC $200 ğŸš€ğŸš€ğŸš€ğŸš€ğŸš€ğŸš€ AMC $200 ğŸš€ğŸš€ğŸš€ğŸš€ğŸš€ğŸš€ AMC $200 ğŸš€ğŸš€ğŸš€ğŸš€ğŸš€ğŸš€ AMC $200 ğŸš€ğŸš€ğŸš€ğŸš€ğŸš€ğŸš€ AMC $200 ğŸš€ğŸš€ğŸš€ğŸš€ğŸš€ğŸš€ AMC $200 ğŸš€ğŸš€ğŸš€ğŸš€ğŸš€ğŸš€ AMC $200 ğŸš€ğŸš€ğŸš€ğŸš€ğŸš€ğŸš€ AMC $200 ğŸš€ğŸš€ğŸš€ğŸš€ğŸš€ğŸš€ AMC $200 ğŸš€ğŸš€ğŸš€ğŸš€ğŸš€ğŸš€ AMC $200 ğŸš€ğŸš€ğŸš€ğŸš€ğŸš€ğŸš€ AMC $200 ğŸš€ğŸš€ğŸš€ğŸš€ğŸš€ğŸš€ AMC $200 ğŸš€ğŸš€ğŸš€ğŸš€ğŸš€ğŸš€ AMC $200 ğŸš€ğŸš€ğŸš€ğŸš€ğŸš€ğŸš€ AMC $200 ğŸš€ğŸš€ğŸš€ğŸš€ğŸš€ğŸš€ AMC $200 ğŸš€ğŸš€ğŸš€ğŸš€ğŸš€ğŸš€ AMC $200 ğŸš€ğŸš€ğŸš€ğŸš€ğŸš€ğŸš€ AMC $200 ğŸš€ğŸš€ğŸš€ğŸš€ğŸš€ğŸš€ AMC $200 ğŸš€ğŸš€ğŸš€ğŸš€ğŸš€ğŸš€ AMC $200 ğŸš€ğŸš€ğŸš€ğŸš€ğŸš€ğŸš€ AMC $200 ğŸš€ğŸš€ğŸš€ğŸš€ğŸš€ğŸš€ AMC $200 ğŸš€ğŸš€ğŸš€ğŸš€ğŸš€ğŸš€ AMC $200 ğŸš€ğŸš€ğŸš€ğŸš€ğŸš€ğŸš€ AMC $200 ğŸš€ğŸš€ğŸš€ğŸš€ğŸš€ğŸš€ AMC $200 ğŸš€ğŸš€ğŸš€ğŸš€ğŸš€ğŸš€ AMC $200 ğŸš€ğŸš€ğŸš€ğŸš€ğŸš€ğŸš€,1611876257.0,2021-01-28 16:24:17
217,ğŸš€ğŸš€ğŸš€ğŸš€ğŸš€ğŸš€ğŸš€ğŸš€ğŸš€ğŸš€DOGE SOGE DOGE,1611876085.0,2021-01-28 16:21:25
218,If you sell and they are blocking ppl from buying who are you selling too????? HOLD YOUR LINE!!!!!!!!!!!!!!,1611876049.0,2021-01-28 16:20:49
219,LAWSUIT ON ROBINHOOD!!!!   UNITE!!!!!,1611876004.0,2021-01-28 16:20:04
220,ê°€ì¦ˆì•„!!!!!!!ğŸš€ğŸš€ğŸš€ğŸš€,1611875619.0,2021-01-28 16:13:39
221,#boycottrobinhood,1611875472.0,2021-01-28 16:11:12
222,WALLSTREET ARE FALSELY ADVERTISING THE ACTUAL PRICE OF AMC SO EVERYONE SELLS SO THAT THE HEDGE FUND MANAGERS DONT LOSE AS MUCH,1611875325.0,2021-01-28 16:08:45
223,only pussy will sell,1611875230.0,2021-01-28 16:07:10
224,WALLSTREET ARE FALSELY ADVERTISING THE ACTUAL PRICE OF AMC SO EVERYONE SELLS SO THAT THE HEDGE FUND MANAGERS DONT LOSE AS MUCH,1611875230.0,2021-01-28 16:07:10
225,EUropeans buy on DeGiro!!!!,1611875209.0,2021-01-28 16:06:49
226,Just put 10 k in lets goooo,1611875198.0,2021-01-28 16:06:38
227,HOLY SHIT THIS IS FUCKED,1611875105.0,2021-01-28 16:05:05
228,#Stick it to Wall Street and the suits. Break the system. Buy and hold AMC.,1611875080.0,2021-01-28 16:04:40
229,Set the sell as high as possible! Set the sell as high as possible,1611875068.0,2021-01-28 16:04:28
230,PUSHING UP AMC WILL KILL EVEN MORE HEDGE FUNDS,1611874713.0,2021-01-28 15:58:33
231,FILE LAWSUITS FOR MARKET MANIPULATION ON ROBINHOOD/CASHAPP,1611874399.0,2021-01-28 15:53:19
232,#DOGE  #A5SA # Rockets #to # the # moon #shit,1611874293.0,2021-01-28 15:51:33
233,#DOGE  #A5SA # Rockets #to # the # moon #shit,1611874289.0,2021-01-28 15:51:29
234,FILE LAWSUITS FOR MARKET MANIPULATION ON ROBINHOOD/CASHAPP,1611874282.0,2021-01-28 15:51:22
235,#boycott Robin Hood. For being losers and sucking off the billionaires,1611874277.0,2021-01-28 15:51:17
236,FILE LAWSUITS FOR MARKET MANIPULATION ON ROBINHOOD/CASHAPP,1611874275.0,2021-01-28 15:51:15
237,FILE LAWSUITS FOR MARKET MANIPULATION ON ROBINHOOD/CASHAPP,1611874272.0,2021-01-28 15:51:12
238,FILE LAWSUITS FOR MARKET MANIPULATION ON ROBINHOOD/CASHAPP,1611874271.0,2021-01-28 15:51:11
239,Do not sell,1611874245.0,2021-01-28 15:50:45
240,BUY and HOLD!!  AMC to $25,1611874235.0,2021-01-28 15:50:35
241,DONT FUCKING SELL RETARDS,1611874173.0,2021-01-28 15:49:33
242,Robinhood hid AMC from investors but they are finding it in the top 100 and trading it through the back door! ğŸ˜‚,1611873992.0,2021-01-28 15:46:32
243,feel like im gonna PUKE HOLDDDDDDDDDDDDDDDDDDD,1611873721.0,2021-01-28 15:42:01
244,sndl and doge!!,1611873525.0,2021-01-28 15:38:45
245,LETS GO AMC,1611873455.0,2021-01-28 15:37:35
246,Class action law suit,1611873430.0,2021-01-28 15:37:10
247,suing the sec and trading platforms to the moon,1611873402.0,2021-01-28 15:36:42
248,We can win,1611873381.0,2021-01-28 15:36:21
249,DAVE PORTNOY RIPPING ROBINHOOD A NEW ASSHOLE,1611873344.0,2021-01-28 15:35:44
250,Buy on fidelity or cashapp,1611873337.0,2021-01-28 15:35:37
251,all my orders for AMC were canceled and now it is gone,1611873337.0,2021-01-28 15:35:37
252,DONT FUCKING PANIC! THIS IS A TACTIC TO SCARE US,1611873336.0,2021-01-28 15:35:36
253,ordered 300 $ AMC,1611873332.0,2021-01-28 15:35:32
254,HOLD MOTHERFUCKERS,1611873319.0,2021-01-28 15:35:19
255,even if your down donâ€™t sell thatâ€™s the only way to loose here! This is a movement we need to stick together we have big people backing us! This is turning into a free speech issue! Internet is about to go crazy on these fuckers !! Hold hold hold buy the dips if possible,1611873307.0,2021-01-28 15:35:07
256,Robinhood halting trading is confirmation of something you already knew . If theyâ€™re going to stop you from doing something that is done every single day of the week by hedge funds and people who have more money than they can spend in a lifetime then what theyâ€™re saying to you is â€œrich people matter more â€œ if theyâ€™re allowed to do this then the American dream isnâ€™t real . You donâ€™t actually have the ability to better yourself. You exist only to be taken advantage of and are allowed to make exactly as much money as they allow you to . This cannot be allowed .,1611873037.0,2021-01-28 15:30:37
257,#We go nowhere. Buy and hold AMC. Burn the suits.,1611872847.0,2021-01-28 15:27:27
258,What platforms are you all using I canâ€™t use Robinhood!!??,1611872685.0,2021-01-28 15:24:45
259,"HEDGES are lobbying/asking everywhere to save them. How dare!!  Hedges want to short AMC into bankruptcy. This would lead thousands of people losing their home and livehood, but short did not care! They just wanted $$ to shut it down. Letâ€™s fight back! Save AMC for family and friends. Short Squeeze! Buckle up!!!",1611872255.0,2021-01-28 15:17:35
260,Robinhood isnâ€™t down Robinhood is a bunch of pussies,1611872174.0,2021-01-28 15:16:14
261,This is BOTTOM of dip only RISING FROM HERE GETE READY FOR THE BOUNCE SOON!!!!! Hold the line and go make some popcorn!!!,1611872085.0,2021-01-28 15:14:45
262,AMC GUYS UNITE TOGETHER CONCENTRATE ON ONE STOCK OR BE DIVIDED AND RULED BY WALL STREET SHOUT ON EVERY PLATFORM YOU CAN BOOST AMC $250 Think about our families ğŸ‘ªwe need this for them,1611871976.0,2021-01-28 15:12:56
263,#They are manufacturing this dip because nobody can buy. Just buy and hold when you can.,1611871358.0,2021-01-28 15:02:38
264,even if your down donâ€™t sell thatâ€™s the only way to loose here! This is a movement we need to stick together we have big people backing us! This is turning into a free speech issue! Internet is about to go crazy on these fuckers !! Hold hold hold buy the dips if possible,1611870839.0,2021-01-28 14:53:59
265,"Here is a list of free online brokerages you can use if yours isnâ€™t letting you buy:

- Merrill
- E-Trade
- Ameritrade
- SoFi
- Interactivebrokers
- WeBull
- First Trade
- E-Option
- Ally Invest",1611870774.0,2021-01-28 14:52:54
266,"Here is a list of free online brokerages you can use if yours isnâ€™t letting you buy:

- Merrill
- E-Trade
- Ameritrade
- SoFi
- Interactivebrokers
- WeBull
- First Trade
- E-Option
- Ally Invest
- You Invest
- Vanguard",1611870753.0,2021-01-28 14:52:33
267,"Please guys, keep calm and trust in yourselves, do not listen to these fake accs telling you lies about buying other stocks. Everyone will be rich if we just stay together and hold this fcking shares!",1611870581.0,2021-01-28 14:49:41
268,"$AMC STRONG!! HERE'S SOME FUCKING MOTIVATION! HOLD THE LINE AND UPVOTE THIS SHIT TO THE TOP!!!! DON'T BE A PAPER-HANDED HEDGECUCK! MARKET OPEN BRINGS THE WAVE OF MOST INVESTORS! LET'S ROLL OUT THE RED FUCKING CARPET!!!  
[https://www.reddit.com/r/WallStreetbetsELITE/comments/l6u456/glorious\_amc\_autist\_apes/](https://www.reddit.com/r/WallStreetbetsELITE/comments/l6u456/glorious_amc_autist_apes/)",1611870475.0,2021-01-28 14:47:55
269,How do i get around Robinhood block?,1611870389.0,2021-01-28 14:46:29
270,DONT BE RETARDED GUYS ONE STOCK AT A TIME DONT BE RETARDED GUYS ONE STOCK AT A TIME,1611870386.0,2021-01-28 14:46:26
271,"HEDGES are lobbying/asking everywhere to save them. How dare!!  Hedges want to short AMC into bankruptcy. This would lead thousands of people losing their home and livehood, but short did not care! They just wanted $$ to shut it down. Letâ€™s fight back! Save AMC for family and friends. Short Squeeze! Buckle up!!!",1611870116.0,2021-01-28 14:41:56
272,Not going to lie Iâ€™m getting nervous ğŸ˜©,1611869877.0,2021-01-28 14:37:57
273,"ğŸ“£ INFORMATIONS :
- Today we made 300%
- Tomorrow target price : 50$
 
â–ªï¸ When we reach 250$, next step is NOKIA

Buy And Hold, this is an historic moment, love you brothers.",1611810392.0,2021-01-27 22:06:32
274,"HEDGES are lobbying/asking everywhere to save them. How dare!!  Hedges want to short AMC into bankruptcy. This would lead thousands of people losing their home and livehood, but short did not care! They just wanted $$ to shut it down. Letâ€™s fight back! Save AMC for family and friends. Short Squeeze! Buckle up!!!",1611869264.0,2021-01-28 14:27:44
275,AMC HALTED ON ROBINHOOD,1611869222.0,2021-01-28 14:27:02
276,"DON'T LET THE ğŸğŸğŸ SCARE YOU. BUY AMC, FUCK ALL THE REST, FOCUS ON ONE",1611869147.0,2021-01-28 14:25:47
277,I put 497 in a few hours ago and I'm being told that it's pending. They can't block that right?,1611869068.0,2021-01-28 14:24:28
278,Amc amc amc donâ€™t sell you wonâ€™t be able to get back in,1611868975.0,2021-01-28 14:22:55
279,U dumbass fuckers that are saying anything else than amc suck ur moms,1611868970.0,2021-01-28 14:22:50
280,Hedge funds sell before markets open to scare us just hold that shit,1611868652.0,2021-01-28 14:17:32
281,Letâ€™s run amc up to $200!!!!,1611868643.0,2021-01-28 14:17:23
282,SELL GME BUY AMC,1611868621.0,2021-01-28 14:17:01
283,ROBINHOOD HALTED TRADED BUT THIS ALWAYS HAPPEND,1611868519.0,2021-01-28 14:15:19
284,#FUCK NOK BUY AMC,1611867708.0,2021-01-28 14:01:48
285,AMC ğŸš€ğŸš€ğŸš€ğŸš€ğŸš€ğŸš€AMC ğŸš€ğŸš€ğŸš€ğŸš€ğŸš€ğŸš€AMC ğŸš€ğŸš€ğŸš€ğŸš€ğŸš€ğŸš€AMC ğŸš€ğŸš€ğŸš€ğŸš€ğŸš€ğŸš€AMC ğŸš€ğŸš€ğŸš€ğŸš€ğŸš€ğŸš€AMC ğŸš€ğŸš€ğŸš€ğŸš€ğŸš€ğŸš€AMC ğŸš€ğŸš€ğŸš€ğŸš€ğŸš€ğŸš€AMC ğŸš€ğŸš€ğŸš€ğŸš€ğŸš€ğŸš€AMC ğŸš€ğŸš€ğŸš€ğŸš€ğŸš€ğŸš€AMC ğŸš€ğŸš€ğŸš€ğŸš€ğŸš€ğŸš€AMC ğŸš€ğŸš€ğŸš€ğŸš€ğŸš€ğŸš€AMC ğŸš€ğŸš€ğŸš€ğŸš€ğŸš€ğŸš€AMC ğŸš€ğŸš€ğŸš€ğŸš€ğŸš€ğŸš€AMC ğŸš€ğŸš€ğŸš€ğŸš€ğŸš€ğŸš€AMC ğŸš€ğŸš€ğŸš€ğŸš€ğŸš€ğŸš€AMC ğŸš€ğŸš€ğŸš€ğŸš€ğŸš€ğŸš€AMC ğŸš€ğŸš€ğŸš€ğŸš€ğŸš€ğŸš€AMC ğŸš€ğŸš€ğŸš€ğŸš€ğŸš€ğŸš€AMC ğŸš€ğŸš€ğŸš€ğŸš€ğŸš€ğŸš€AMC ğŸš€ğŸš€ğŸš€ğŸš€ğŸš€ğŸš€AMC ğŸš€ğŸš€ğŸš€ğŸš€ğŸš€ğŸš€,1611867598.0,2021-01-28 13:59:58
286,The majority of the movements are happening after-hours guys - secure your place before the launch,1611797454.0,2021-01-27 18:30:54
287,REMEMBER AMC USED TO BE $3 AND WE DROVE IT TO $19. WHATS TO SAY WE CAN'T HIT $100,1611866314.0,2021-01-28 13:38:34
288,Itâ€™s at $19.30 rn letâ€™s get it to $50 today !,1611866279.0,2021-01-28 13:37:59
289,FUCK SNDL,1611866273.0,2021-01-28 13:37:53
290,The way GME worked is a community working together.... hold the line. Short sales are due on Friday which will drive AMC up even farther today and tomorrow BUY BUY AMC GME ğŸš€ğŸš€ğŸš€ğŸš€,1611866208.0,2021-01-28 13:36:48
291,AMC TO THE MOON BOYS LETS GET OUT THE HOOD,1611866201.0,2021-01-28 13:36:41
292,AMC GUYS UNITE TOGETHER CONCENTRATE ON ONE STOCK OR BE DIVIDED AND RULED BY WALL STREET SHOUT ON EVERY PLATFORM YOU CAN BOOST AMC $250 Think about our families ğŸ‘ªwe need this for them,1611866184.0,2021-01-28 13:36:24
293,One by one! Letâ€™s save AMC then on to the next!!!,1611865987.0,2021-01-28 13:33:07
294,GOOD TIME TO BUY GET IN NOW,1611865980.0,2021-01-28 13:33:00
295,Block all the people saying SNDL,1611865807.0,2021-01-28 13:30:07
296,#Hold it strong together #strongtogether,1611865590.0,2021-01-28 13:26:30
297,if I bought amc last night at $14 and it's now $20+ will I get my shares at $14 when the market opens or $20?,1611864850.0,2021-01-28 13:14:10
298,Fuck everything else just focus on AMC thatâ€™s literally all you need to know,1611864559.0,2021-01-28 13:09:19
299,"I Have $1,000 on Just Hold Donâ€™t be scared of Dips hold for the big $",1611864492.0,2021-01-28 13:08:12
300,NOK NOK,1611863826.0,2021-01-28 12:57:06
301,Which apps do you use for AMC?,1611862641.0,2021-01-28 12:37:21
302,Iâ€™m all in 30k ğŸš€ğŸš€ğŸš€ğŸš€ğŸš€ğŸš€,1611861423.0,2021-01-28 12:17:03
303,$117k in!!! Go people,1611861240.0,2021-01-28 12:14:00
304,AMC GUYS UNITE TOGETHER CONCENTRATE ON ONE STOCK OR BE DIVIDED AND RULED BY WALL STREET SHOUT ON EVERY PLATFORM YOU CAN BOOST AMC $250 Think about our families ğŸ‘ªwe need this for them,1611860438.0,2021-01-28 12:00:38
305,we're basically using a warzone infinite stim glitch,1611860391.0,2021-01-28 11:59:51
306,YOOOO OK I'M GOING 100% WITH MY 1.5K,1611859761.0,2021-01-28 11:49:21
307,Iâ€™m 15 and i invested 1.8k in amc lets hope edge funds dont ruin it and that we show them who we are,1611859108.0,2021-01-28 11:38:28
308,30k in this morning!,1611859053.0,2021-01-28 11:37:33
309,LETS PUT SOME FOOD ON THE DINNER TABLE,1611858919.0,2021-01-28 11:35:19
310,"40 shares, lets go",1611858780.0,2021-01-28 11:33:00
311,I PUT IN 1000$ AT 15 A SHARE,1611858707.0,2021-01-28 11:31:47
312,"I am a Korean.
I bought GME to join you guys.",1611858660.0,2021-01-28 11:31:00
313,people that bought NAKD probably preordered Cyberpunk. AMC TO THE MOON!!!,1611858452.0,2021-01-28 11:27:32
314,lil baby my favorite rapper â›·,1611858445.0,2021-01-28 11:27:25
315,"bruh don't sell, trying to pay my college tuition ğŸ˜©",1611858327.0,2021-01-28 11:25:27
316,Plus AMC literally has the best reclining chairs,1611858255.0,2021-01-28 11:24:15
317,"This has the potential to break $500 a share if we all buy and HOLD! The short squeeze will bring us past $100 on Friday and then the weekly options will expire on Jan 29th at the end of the trading day on Friday and this will get close to $200 after hours, if we HOLD until the next weekly options expire on Feb 5th we will MOON much much higher! Then Feb 12th, 19th, and 26th there will be more weekly options that expire and bring us to over $500 a share. The key is to buy on dips and HOLD!!!!",1611856878.0,2021-01-28 11:01:18
318,We are the AMC ARMY!! We are the AMC ARMY!! We are the AMC ARMY!! We are the AMC ARMY!! We are the AMC ARMY!! We are the AMC ARMY!! We are the AMC ARMY!! We are the AMC ARMY!! We are the AMC ARMY!! We are the AMC ARMY!! We are the AMC ARMY!! We are the AMC ARMY!! BUY n HOLD! BUY n HOLD! BUY n HOLD! BUY n HOLD! BUY n HOLD! BUY n HOLD!,1611856846.0,2021-01-28 11:00:46
319,#we live when we unite and die when we are scattered. ğŸš€ğŸš€AMCğŸš€ğŸš€,1611856660.0,2021-01-28 10:57:40
320,Should we buy now or wait for the the market to open in the morning?,1611856553.0,2021-01-28 10:55:53
321,YO IF THIS WORKS ILL PAY OFF MY CRIB AN BUY YALL GMAS A NICE PURSE,1611856527.0,2021-01-28 10:55:27
322,"Till now we have fought bravely. Let's take these stock beyond moonğŸ˜.
It's our time...don't forget because of these short sellers we common people loose our jobs when a company shuts down operation due to bankruptcy.

These short sellers have played with our lives for years, now it's our time to take back.. what they have snatched from our brothers and sisters.

Now it's time to make AMC to 150$ and GME to 1000$

Shorts will start reacting when AMC will reach 50$ as it happened in case of GME.
So, it's a very good time to enter in AMC, I'm already in with 150k. I have done my part.
There are still over 152k open calls that need to be closed by Friday. Short sellers will need to have at least 15 Million shares to do this. HOLD THE LINE.

Come and join this campaign .
You can still buy these stocks on stockal if other brokers are not allowing.",1611856295.0,2021-01-28 10:51:35
323,There will be a dip in AMC but DONT SELL just HOLD it will go back up I promise!! Options expire Friday and time to sell will be Tuesday-Thursday,1611856273.0,2021-01-28 10:51:13
324,I did $350,1611856246.0,2021-01-28 10:50:46
325,#DONT SELL,1611855443.0,2021-01-28 10:37:23
326,ê°€ì¦ˆì•„!!!!!!,1611855429.0,2021-01-28 10:37:09
327,WE DO NOT SELL UNTIL 100$-200$,1611855414.0,2021-01-28 10:36:54
328,This shit lowkey turns me on,1611855347.0,2021-01-28 10:35:47
329,together we are the world,1611854571.0,2021-01-28 10:22:51
330,The down Itâ€™s very normal btw for all the newbies who didnâ€™t know. Pre market and after hours is when governments and market mover manipulation try their best to scare of retail buyers. It doesnâ€™t work lol,1611854531.0,2021-01-28 10:22:11
331," I feel like there are a ton of new and confused traders in here so I'm going to help explain what's happening...  


Gamestop (GME) and (AMC) are two failing companies who's stocks got a bump in the market due to some recent good, but ultimately inconsequential news. That jump caused large multi-billion dollar short-selling hedge funds to short GME and AMC stock with the assumption that they'd continue to fall after their bumps.  


(Short selling is when someone borrows shares at a higher price then sells it with the assumption that they can buy the shares again later (1/29) at a cheaper price, give those shares back and then pocket the difference.)  


This is where we the people (FB, Reddit, Twitter..) come in to ruin their day.  


A bunch of us agree to flood AND HOLD! the stock with unexpected new money, causing the stock price to rise instead of fall. This causes the short sellers to lose money because they are going to have to give back those borrowed shares in the future (1/29).  


As the short sellers watch the stock rise alomg with their losses, they start folding one by one and buying the stock in order to give the shares back and close their position. Buying those shares causes the stock to rise which in turn puts MORE pressure on the short sellers and more of them have to buy more shares... This is called a SHORT SQUEEZE.  


On Friday (1/29), time will be up for many of the short sellers. They'll have to close out their positions by buying stock which will cause AMC and GameStop to sky rocket.  


That is why you BUY NOW (apply pressure and start your investment) and HOLD. Because every person that sells is relieving the pressure and reducing the billions of dollars the hedge funds will owe us, the little guys.  


The price will go up, and it will go down, just buy it and hold it at LEAST until Friday 1/29.  


WHY AMC IS DOWN AFTERHOURS: Hedge fund managers, Short sellers, and Market Makers are using their extended hour trading to scare retail traders (You) off. Most retail traders (You) lack the ability to trade before and after the market opens/closes. This is why it is currently down. Once retail traders (You) are able to get back in at market open tomorrow, this will again go up. This is an attempt to scare ppl away from the stock. It will happen every single evening for the next several days so be prepared for this. If it is to stressful for you, please put away your phone/computer and check again in the morning. COPY AND PASTE THIS SO EVERYONE KNOWS THE TRUTH",1611854511.0,2021-01-28 10:21:51
332,I'm up all night working boring ass night shift. I'm definitely anticipating the morning,1611854375.0,2021-01-28 10:19:35
333,I've had AMC stock for a while... Are y'all wanting us to hold the shares?,1611854299.0,2021-01-28 10:18:19
334,I can be sure of one thing. There are many hedge fund lackeys clamoring for other stocks because they want to diversify our savings. All we have to do is to work together and throw our money to AMCI can be sure of one thing. There are many hedge fund lackeys clamoring for other stocks because they want to diversify our savings. All we have to do is to work together and throw our money to AMCI can be sure of one thing. There are many hedge fund lackeys clamoring for other stocks because they want to diversify our savings. All we have to do is to work together and throw our money to AMCI can be sure of one thing. There are many hedge fund lackeys clamoring for other stocks because they want to diversify our savings. All we have to do is to work together and throw our money to AMCI can be sure of one thing. There are many hedge fund lackeys clamoring for other stocks because they want to diversify our savings. All we have to do is to work together and throw our money to AMCI can be sure of one thing. There are many hedge fund lackeys clamoring for other stocks because they want to diversify our savings. All we have to do is to work together and throw our money to AMCI can be sure of one thing. There are many hedge fund lackeys clamoring for other stocks because they want to diversify our savings. All we have to do is to work together and throw our money to AMCI can be sure of one thing. There are many hedge fund lackeys clamoring for other stocks because they want to diversify our savings. All we have to do is to work together and throw our money to AMCI can be sure of one thing. There are many hedge fund lackeys clamoring for other stocks because they want to diversify our savings. All we have to do is to work together and throw our money to AMCI can be sure of one thing. There are many hedge fund lackeys clamoring for other stocks because they want to diversify our savings. All we have to do is to work together and throw our money to AMC,1611853312.0,2021-01-28 10:01:52
335,"Hedge funds are shitting themselves crazy talking about fundamentals. 
I think of them as that one poker player that bitches that we played pocket 2â€™s and they had pocket Aâ€™s but the flop was 22A.

This is smart money, we hold the nuts! Iâ€™m all in!",1611853237.0,2021-01-28 10:00:37
336,Letâ€™s go AMC BUY AND HOLD ğŸš€ğŸš€ğŸš€,1611852968.0,2021-01-28 09:56:08
337,A lot of fake accounts trying to distract us from AMC. Don't get fooled !!,1611852964.0,2021-01-28 09:56:04
338,"When retails loses money no one cares and its our responsibility, when the hedge funds loses money, they change the rules and blame the retails. lets burn this guys all !!!!!! Strong buy and hold and we see 100$",1611852939.0,2021-01-28 09:55:39
339,"To what price will AMC and NOK go? I haven't gotten GME, because it was too expensive unfortunately. I'm proud of you all",1611852735.0,2021-01-28 09:52:15
340,[removed],1611852164.0,2021-01-28 09:42:44
341,DOGE+AMC,1611852036.0,2021-01-28 09:40:36
342,How many are you guys buying?,1611851825.0,2021-01-28 09:37:05
343,Weâ€™ve come full circle .. we living in a literal STONKS meme,1611851422.0,2021-01-28 09:30:22
344,AMC going past 100,1611851409.0,2021-01-28 09:30:09
345,Letâ€™s beat these hedge funds,1611851165.0,2021-01-28 09:26:05
346,Nakd?,1611851156.0,2021-01-28 09:25:56
347,WE NEED YOU TO BUY AMC,1611851152.0,2021-01-28 09:25:52
348,DONT LET THE DOGE OFF THE LEASH,1611851145.0,2021-01-28 09:25:45
349,AMCğŸ’ğŸš€ğŸŒ˜,1611851134.0,2021-01-28 09:25:34
350,#BUY AMC only,1611851129.0,2021-01-28 09:25:29
351,If yâ€™all mfs donâ€™t follow the wave and go AMC,1611851122.0,2021-01-28 09:25:22
352,We will deal with Doge soon. RN BUY AMC,1611851100.0,2021-01-28 09:25:00
353,BUY AMC AND HOLD,1611851100.0,2021-01-28 09:25:00
354,Buy AMC,1611851098.0,2021-01-28 09:24:58
355,who just bought AMC i wanna see,1611851080.0,2021-01-28 09:24:40
356,DOGE IS A POOR MOVE AMC IS A RICH MOVE YOU DECIDE,1611851079.0,2021-01-28 09:24:39
357,#Stop looking for what's next and Focus on the now. AMC IS THE PLAY.,1611851077.0,2021-01-28 09:24:37
358,AMC is gonna be 200+,1611851072.0,2021-01-28 09:24:32
359,DOGE .01,1611851058.0,2021-01-28 09:24:18
360,"#_NOK is CHEAP AF. Load your BAGs NOW_

ğŸš€ğŸš€ğŸš€ğŸš€ğŸš€ğŸš€ğŸš€ğŸš€ğŸš€ğŸš€",1611851020.0,2021-01-28 09:23:40
361,DOGE IS A PENNY,1611851001.0,2021-01-28 09:23:21
362,"Doge is a trash ass play that will make you poor, AMC WILL MAKE YOU RICH ITS THAT SIMPLE",1611850981.0,2021-01-28 09:23:01
363,DOGE UNTIL AMC,1611850967.0,2021-01-28 09:22:47
364,What app can I buy Doge in Binance wont let me in?,1611850959.0,2021-01-28 09:22:39
365,Letâ€™s get this mother fucking bread DOGEEE,1611850934.0,2021-01-28 09:22:14
366,#live when we unite and die when we are scattered.ğŸš€ğŸš€AMCğŸš€ğŸš€,1611850885.0,2021-01-28 09:21:25
367,#stop looking for what's next and buy and hold AMC.,1611850871.0,2021-01-28 09:21:11
368,AMC all the way,1611850842.0,2021-01-28 09:20:42
369,everyone in germany has gone all in in amc,1611850839.0,2021-01-28 09:20:39
370,#Buy AMC. Do not get distracted by other stock right now.,1611850837.0,2021-01-28 09:20:37
371,#You buy AMC and hold. Do not sell,1611850370.0,2021-01-28 09:12:50
372,to the mooon,1611849262.0,2021-01-28 08:54:22
373,amc lets do thisğŸš€,1611849260.0,2021-01-28 08:54:20
374,i bought $6k of amc and $2k of nok iâ€™m fucking nervous yâ€™all,1611848888.0,2021-01-28 08:48:08
375,The dip is an opportunity for you to lower your dollar cost average buy buy buy,1611848728.0,2021-01-28 08:45:28
376,#If you're afraid of this dip you would have lost everything on GME. Buy and Hold AMC,1611848717.0,2021-01-28 08:45:17
377,Got 9k shares buying more in the dipppp,1611848603.0,2021-01-28 08:43:23
378,"14,000 shares of AMC at 2.70 ğŸ˜ğŸ˜",1611848581.0,2021-01-28 08:43:01
379,people vote up AMC in wsb,1611848340.0,2021-01-28 08:39:00
380,Buy and hold amc tmr?,1611848330.0,2021-01-28 08:38:50
381,Amc is comming up!,1611848325.0,2021-01-28 08:38:45
382,AMC PROJECTED $250 BUY ON WEEBULL AT 4am at 14$ a share,1611848313.0,2021-01-28 08:38:33
383,#Block the bots. Block the haters and sideline warriors trying to distract. Only AMC.,1611848309.0,2021-01-28 08:38:29
384,#AMC. It's right in front of you. Stop looking for what's next.,1611848202.0,2021-01-28 08:36:42
385,yes buy AMC,1611848141.0,2021-01-28 08:35:41
386,"POWER TO THE PEOPLE, MAKE SOME MONEY FOR ONCE WHEN WE SAY TO",1611848139.0,2021-01-28 08:35:39
387,It will go to 500$ tomorrow letâ€™s go !! Buy buy buy,1611847830.0,2021-01-28 08:30:30
388,what about dogecoin? seeing a lot about it on twitter,1611847806.0,2021-01-28 08:30:06
389,I just bought another 400 shares =D,1611847750.0,2021-01-28 08:29:10
390,My paycheck is here. 500â‚¬ for AMC,1611847673.0,2021-01-28 08:27:53
391,AMC â¬†ï¸ SQUEEZE THE SHORTS,1611847602.0,2021-01-28 08:26:42
392,I'm in AMC,1611847602.0,2021-01-28 08:26:42
393,"See price in Germany  
[https://www.ls-tc.de/de/aktie/714132](https://www.ls-tc.de/de/aktie/714132)",1611847602.0,2021-01-28 08:26:42
394,Gogogogogogogogogogo amc to the moon,1611847600.0,2021-01-28 08:26:40
395,I'm all in on AMC but I'm a broke bitch but doge coin let's raise the roof,1611847591.0,2021-01-28 08:26:31
396,buy doge you cucks,1611847369.0,2021-01-28 08:22:49
397,Doge and AMC?!,1611847288.0,2021-01-28 08:21:28
398,my European brothers I am proud !! keep on pushing,1611847092.0,2021-01-28 08:18:12
399,"buy and hold AMC, it's gonna spike",1611846881.0,2021-01-28 08:14:41
400,FUCK DOGE; AMC TO $100 TODAY,1611846673.0,2021-01-28 08:11:13
401,just plased my order on AMC 10K,1611846665.0,2021-01-28 08:11:05
402,there was so much in the news about this today so yes AMC is going to explode tomorrow,1611846413.0,2021-01-28 08:06:53
403,AMC 500 shares,1611846236.0,2021-01-28 08:03:56
404,AMC !!!!!!!!!!!!!!!!,1611846229.0,2021-01-28 08:03:49
405,No matter what those hedge  fund bastards say just buy it and hold it till next week,1611846226.0,2021-01-28 08:03:46
406,ğŸ’ªğŸ¼ğŸ’°AMCğŸ’°ğŸ’ªğŸ¼,1611846222.0,2021-01-28 08:03:42
407,Never seen Libs and trump supporters fighting together ğŸ˜,1611846197.0,2021-01-28 08:03:17
408,"My fiance worked at AMC so im in this all the way. Free movies and now ""free"" money. Best company ever.",1611846095.0,2021-01-28 08:01:35
409,AMC and RIGL,1611846016.0,2021-01-28 08:00:16
410,In 1 week AMC Will be 200$,1611845992.0,2021-01-28 07:59:52
411,"INSTRUCTION, JOIN ROBINHOOD TO BUY AMC:

https://join.robinhood.com/diegoa-fbd96ab",1611845988.0,2021-01-28 07:59:48
412,Buy amc,1611845986.0,2021-01-28 07:59:46
413,KEEP THE MOMENTUM AMC TO 100,1611845984.0,2021-01-28 07:59:44
414,#AMC tomorrow. AMC Friday.,1611845960.0,2021-01-28 07:59:20
415,AMC going to 200,1611845955.0,2021-01-28 07:59:15
416,amc amc amc amc gogogogogogogogogo 200$ ..,1611845945.0,2021-01-28 07:59:05
417,amc target is 200,1611845934.0,2021-01-28 07:58:54
418,Yo I love ya ğŸ˜‚,1611845720.0,2021-01-28 07:55:20
419,HOLD DOGE OR SELL!??? HELPPPPPPP,1611845638.0,2021-01-28 07:53:58
420,"So I'm not hugely stupid, AMC and not AMCX right?",1611845571.0,2021-01-28 07:52:51
421,dropping 30k on amc tmr,1611845465.0,2021-01-28 07:51:05
422,no crypto here,1611845388.0,2021-01-28 07:49:48
423,fuck doge,1611845377.0,2021-01-28 07:49:37
424,FUCK DOGE,1611845326.0,2021-01-28 07:48:46
425,Dodge,1611845304.0,2021-01-28 07:48:24
426,doge doge doge,1611845248.0,2021-01-28 07:47:28
427," When I was poor on the streets and selling my body for crack cocain, AMC would open it's doors to me and let me sleep there for the night and feed me left over popcorn :'( God bless you AMC! BUY AND HOLD!",1611845043.0,2021-01-28 07:44:03
428,#amc amc amc buy and hold,1611845035.0,2021-01-28 07:43:55
429,AMC ENTERTAINMENT?,1611844929.0,2021-01-28 07:42:09
430,SOMEBODY PLEASE CREATE A DOGE BOT. MODERATORS FOR THE LOVE OF GOD,1611844908.0,2021-01-28 07:41:48
431,BUY AMC AND DOGE,1611844802.0,2021-01-28 07:40:02
432,DOGE NOW AMC@OPEN,1611844798.0,2021-01-28 07:39:58
433,Dogecoin is easy to rally. Work together for the bag folks,1611844606.0,2021-01-28 07:36:46
434,"if you buy doge, you a king retard!",1611844569.0,2021-01-28 07:36:09
435,Doge people fuck off,1611844528.0,2021-01-28 07:35:28
436,DONT FALL FOR THE DOGE CRAP JUST IGNORE,1611844527.0,2021-01-28 07:35:27
437,doge to 1$ or lets make history and get it to 10,1611844520.0,2021-01-28 07:35:20
438,DOGE together!,1611844415.0,2021-01-28 07:33:35
439,Dont underestimate the power of doge,1611844374.0,2021-01-28 07:32:54
440,Pushing doge baby boyyy,1611844217.0,2021-01-28 07:30:17
441,"Too many diversity messes with the volume. Buy, hold and push AMC. Itâ€™s faster than NOK and SNDL. FOCUS ON AMC and pull to the next.",1611844176.0,2021-01-28 07:29:36
442,DOGE ALL NIGHT,1611844176.0,2021-01-28 07:29:36
443,"DOGE ONLY TONIGHT


THE MAIN FOCUS IS AMC DONT FORGET 

AMC AMC AMC",1611844112.0,2021-01-28 07:28:32
444,Make profits off doge and keep some doge gonna be big,1611844086.0,2021-01-28 07:28:06
445,If amc is the next gamestop DOGE will be the next amc,1611844074.0,2021-01-28 07:27:54
446,DOGE CAN BE PUSHED TO THE NEXT BITCOIN!,1611844063.0,2021-01-28 07:27:43
447,Doge going up,1611844022.0,2021-01-28 07:27:02
448,I hope nobody here wants to sell AMC at open. You will never be rich if you live in fear!!!,1611843993.0,2021-01-28 07:26:33
449,Just put 10k on doge itâ€™s fucking time to get rich,1611843972.0,2021-01-28 07:26:12
450,DOGE TO .02ğŸš€ğŸš€ğŸš€,1611843952.0,2021-01-28 07:25:52
451,AMC & doge,1611843929.0,2021-01-28 07:25:29
452,AMCCCC bought 5000 shares in after hours,1611843810.0,2021-01-28 07:23:30
453,TRUST THE PROCESS!!! AMC AND DOGE! Letâ€™s get itğŸš€ğŸš€ğŸš€ğŸš€ğŸš€,1611843806.0,2021-01-28 07:23:26
454,"AMC, GME, DOGE",1611843795.0,2021-01-28 07:23:15
455,AMC AMC AMC AMC AMC DONT LISTEN TO THE DOGECOINERS,1611843778.0,2021-01-28 07:22:58
456,"Gimmi an A 
Gimmi an M
Gimmi an C",1611843685.0,2021-01-28 07:21:25
457,PUMP AMC AND DOGE!!!ğŸš€ğŸš€ğŸš€ğŸš€ğŸš€,1611843622.0,2021-01-28 07:20:22
458,Doge now! Amc in morning,1611843602.0,2021-01-28 07:20:02
459,Doge is a loss,1611843583.0,2021-01-28 07:19:43
460,I donâ€™t know why you talking about other shares than AMC. This Discussion is for AMC. So buy AMC and shut the fuck up,1611843568.0,2021-01-28 07:19:28
461,"yall sound like a bunch on kids copying what the person said above you , do your research invest in amc FUCK anything else rn",1611843525.0,2021-01-28 07:18:45
462,PUMP DOGE ğŸš€ğŸš€,1611843346.0,2021-01-28 07:15:46
463,BUY DOGE TONIGHT BOYS WE WILL MAKE MONEY AND THEN PLACE THAT MONEY INTO AMC AND WE WILL MAKE MORE ğŸš€ğŸš€ğŸš€ğŸš€,1611843294.0,2021-01-28 07:14:54
464,"DOGE WILL GO UP IN A FEW YEARS, but now for a couple dollars and if it goes up youâ€™ll be rich... win/win situation.. also invest now on GME, AMC, NOK, DOGE.. scared money donâ€™t make no money, think smart though",1611843001.0,2021-01-28 07:10:01
465,"Ill repeat it again if you all stick to one stock, we all win. GME train may be heading to and end, but AMC still has plenty of room!",1611842883.0,2021-01-28 07:08:03
466,Doge lets goğŸš€ğŸš€ğŸš€ğŸš€ğŸš€ğŸš€ğŸš€ğŸš€,1611842841.0,2021-01-28 07:07:21
467,"I think people are looking at this as a competition enteren dodge and AMC when itâ€™s not lol. If you get money from dodge before market opens, we all collectively have more to put into AMC when the market opens",1611842803.0,2021-01-28 07:06:43
468,You canâ€™t buy AMC right now. Thatâ€™s why people are pushing dodge because it can blow up and sell before market opens to buy AMC,1611842693.0,2021-01-28 07:04:53
469,**Sign up with Questrade to Trade stocks in CANADA or US-** [**https://www.questrade.com**](https://www.questrade.com/home) **use my code for $50 for free in trading commissions - 516533968438102**,1611842667.0,2021-01-28 07:04:27
470,Doge-AMC-ğŸ’ªğŸ¼ğŸ’ªğŸ¼ğŸ’°ğŸ’°,1611842397.0,2021-01-28 06:59:57
471,I put 22k in AMC,1611842316.0,2021-01-28 06:58:36
472,DOGE MILLIONAIRE,1611842185.0,2021-01-28 06:56:25
473,doge eat doge world,1611842131.0,2021-01-28 06:55:31
474,just put 600$ in DOGECOIN,1611841900.0,2021-01-28 06:51:40
475,"BUT DOGE TO THE MOON, AMC TO MARS!!!!",1611841784.0,2021-01-28 06:49:44
476,DOGE TONIGHT,1611841711.0,2021-01-28 06:48:31
477,BUY (SNDL) ğŸš€ğŸš€ğŸš€ğŸš€ğŸš€ğŸš€ğŸ¤‘ğŸ¤‘ğŸ¤‘ğŸ¤‘ğŸ¤‘ğŸ¤‘ğŸ¤‘ğŸ¤‘ğŸ¤‘,1611841682.0,2021-01-28 06:48:02
478,"Friends! No one is against AMC.  You canâ€™t buy amc until the market opens tomorrow.  You can buy dodge now, make money, and sell in the morning because it is crypto and traceable 24/7.  If we do dodge now and sell before market opens, you can use your earning for amc",1611841577.0,2021-01-28 06:46:17
479,SEND IT!!!!!,1611841570.0,2021-01-28 06:46:10
480,Easy win for everyone.  AMC on this site only,1611841235.0,2021-01-28 06:40:35
481,"Dodgecoin doubled more than doubled in the last hours! You can trade it 24/7 because itâ€™s crypto.  If you put in $50, you will have 3,500 shares that you can sell before buying amc tomorrow",1611841068.0,2021-01-28 06:37:48
482,ONLY PUT IN WHAT YOURE WILLING TO LOSE,1611841050.0,2021-01-28 06:37:30
483,I BOUGHT DOGE,1611840944.0,2021-01-28 06:35:44
484,SERIOUSLY PUSH DOGE COIN BECAUSE YOU CAN TRADE LIVE ALL NIGHT YOU CANT TRADE AMC UNTIL OPEN TOMMOROW AND ITS GOING TO OPEN AT LEAST $25,1611840640.0,2021-01-28 06:30:40
485,make the $$$ on dogs now and buy AMC when the market opens!!,1611840511.0,2021-01-28 06:28:31
486,"Doge for night, Amc for morning",1611840495.0,2021-01-28 06:28:15
487,DOGE TO THE MOON,1611840432.0,2021-01-28 06:27:12
488,JUST AMC JUST AMC JUST AMC,1611840254.0,2021-01-28 06:24:14
489,THIS IS THE EXACT EXAMPLE WHY THE SUITS ARE GOING TO WIN. WE ARE NOT ONE!!! FOCUS ON AMC! THIS IS NOT A DOGE THREAD!!! YALL WANT ANOTHER GME RESULT? THEN WORK AS A TEAM!!! AMC!!! YOU WANT TO WIN? THEN WE ALL STICK TO AMC!!!,1611840225.0,2021-01-28 06:23:45
490,THIS IS THE EXACT EXAMPLE WHY THE SUITS ARE GOING TO WIN. WE ARE NOT ONE!!! FOCUS ON AMC! THIS IS NOT A DOGE THREAD!!! YALL WANT ANOTHER GME RESULT? THEN WORK AS A TEAM!!! AMC!!!,1611840033.0,2021-01-28 06:20:33
491,Doge,1611839876.0,2021-01-28 06:17:56
492,Doge time,1611839848.0,2021-01-28 06:17:28
