,Unnamed: 0,comment_id,created,body,timestamp
2,2,gl659qe,1611909344.0,Lets goooo $KODK and $WTER Iâ€™m in!!! Still in $GME hold!!!,2021-01-29 01:35:44
5,5,glezuph,1612074927.0,"FYI , in the 80s KODK was involved as pharmaceutical company",2021-01-30 23:35:27
6,6,gl99n3i,1611967968.0,"Kodk doesn't have the momentum behind it for a short squeeze (at least right now). What are the outlooks for long term holding? 

It is clear CVS will be rapidly growing in the near future. Will their rapid growth warrant growth in the API industry?

If anything, we need more insulin lol",2021-01-29 17:52:48
7,7,gl9nz9v,1611973023.0,$KODK looks really good! I support companies that know how to reinvent themselves! Starting my ownership today...  ðŸš€ðŸš€ðŸš€,2021-01-29 19:17:03
10,10,glezqs8,1612074873.0,"GO KODK , A PROUD AMERICAN COMPANY WHO THE  HEDGE FUND CROOKS FILTHY RICH ARE TRYING TO DESTROY",2021-01-30 23:34:33
11,11,glf02st,1612075036.0,"GO KODK In a deal aimed at reducing U.S. reliance on China, the federal government announced Tuesday that it plans to give Eastman Kodak a $765 million loan to start producing the chemical ingredients needed to make pharmaceuticals. Support our journalism. Subscribe today.",2021-01-30 23:37:16
14,14,glj0w6n,1612160828.0,Just got my KODK!!,2021-01-31 23:27:08
1126,1126,gl8i6tl,1611957939.0,C'mon KODK let's make some $$$$,2021-01-29 15:05:39
1949,1949,gljgrci,1612168408.0,https://www.reddit.com/r/Wallstreetbetsnew/comments/l8zar3/kodk_ripped_off_by_big_technology_and_targeted_by/?utm_source=share&utm_medium=ios_app&utm_name=iossmf,2021-02-01 01:33:28
1951,1951,glk6r2n,1612181045.0,BCRX looks ok but I'm going for KODK ðŸ“¸ðŸ“·,2021-02-01 05:04:05
1957,1957,gljgrci,1612168408.0,https://www.reddit.com/r/Wallstreetbetsnew/comments/l8zar3/kodk_ripped_off_by_big_technology_and_targeted_by/?utm_source=share&utm_medium=ios_app&utm_name=iossmf,2021-02-01 01:33:28
1959,1959,glk6r2n,1612181045.0,BCRX looks ok but I'm going for KODK ðŸ“¸ðŸ“·,2021-02-01 05:04:05
7867,7867,gl159cf,1611826372.0,KODK is a great buy. However at $9.00  No contracts have been given,2021-01-28 02:32:52
7868,7868,gl1d8i4,1611829921.0,dude the KODK pump and dump was last year lol,2021-01-28 03:32:01
8010,8010,gl39br0,1611872012.0,KODK is the only one that didnâ€™t get blocked,2021-01-28 15:13:32
8017,8017,gl69ddu,1611911187.0,[https://www.reddit.com/r/Wallstreetbetsnew/comments/l7dgal/kodk\_dd\_and\_short\_squeeze\_potential/](https://www.reddit.com/r/Wallstreetbetsnew/comments/l7dgal/kodk_dd_and_short_squeeze_potential/),2021-01-29 02:06:27
10022,10022,gkvrdo3,1611731038.0,"No doubt - look at the after hours activity!

BUY/HOLD KODK! Short Squeeze underway...

Remember, just last July: 'Kodak Stockâ€™s Rally Destroys Short Sellers. Theyâ€™re Down $50 Million.' -Barron's",2021-01-27 00:03:58
10460,10460,gkq6k29,1611623788.0,kodk,2021-01-25 18:16:28
11539,11539,gl39br0,1611872012.0,KODK is the only one that didnâ€™t get blocked,2021-01-28 15:13:32
11546,11546,gl69ddu,1611911187.0,[https://www.reddit.com/r/Wallstreetbetsnew/comments/l7dgal/kodk\_dd\_and\_short\_squeeze\_potential/](https://www.reddit.com/r/Wallstreetbetsnew/comments/l7dgal/kodk_dd_and_short_squeeze_potential/),2021-01-29 02:06:27
12663,12663,gkvrdo3,1611731038.0,"No doubt - look at the after hours activity!

BUY/HOLD KODK! Short Squeeze underway...

Remember, just last July: 'Kodak Stockâ€™s Rally Destroys Short Sellers. Theyâ€™re Down $50 Million.' -Barron's",2021-01-27 00:03:58
18154,18154,gl8i6tl,1611957939.0,C'mon KODK let's make some $$$$,2021-01-29 15:05:39
18657,18657,gkyvikx,1611794995.0,Fuck kodk u just trapped in that shit from a cpl weeks ago. I ðŸ‘€ you.  BB is the way now!ðŸš€ðŸš€ðŸš€ðŸš€ðŸš€ðŸš€ðŸš€ðŸš€,2021-01-27 17:49:55
22232,22232,gl159cf,1611826372.0,KODK is a great buy. However at $9.00  No contracts have been given,2021-01-28 02:32:52
22233,22233,gl1d8i4,1611829921.0,dude the KODK pump and dump was last year lol,2021-01-28 03:32:01
23407,23407,gkq6k29,1611623788.0,kodk,2021-01-25 18:16:28
27379,27379,gkyvikx,1611794995.0,Fuck kodk u just trapped in that shit from a cpl weeks ago. I ðŸ‘€ you.  BB is the way now!ðŸš€ðŸš€ðŸš€ðŸš€ðŸš€ðŸš€ðŸš€ðŸš€,2021-01-27 17:49:55
27386,27386,gl659qe,1611909344.0,Lets goooo $KODK and $WTER Iâ€™m in!!! Still in $GME hold!!!,2021-01-29 01:35:44
27389,27389,glezuph,1612074927.0,"FYI , in the 80s KODK was involved as pharmaceutical company",2021-01-30 23:35:27
27390,27390,gl99n3i,1611967968.0,"Kodk doesn't have the momentum behind it for a short squeeze (at least right now). What are the outlooks for long term holding? 

It is clear CVS will be rapidly growing in the near future. Will their rapid growth warrant growth in the API industry?

If anything, we need more insulin lol",2021-01-29 17:52:48
27391,27391,gl9nz9v,1611973023.0,$KODK looks really good! I support companies that know how to reinvent themselves! Starting my ownership today...  ðŸš€ðŸš€ðŸš€,2021-01-29 19:17:03
27394,27394,glezqs8,1612074873.0,"GO KODK , A PROUD AMERICAN COMPANY WHO THE  HEDGE FUND CROOKS FILTHY RICH ARE TRYING TO DESTROY",2021-01-30 23:34:33
27395,27395,glf02st,1612075036.0,"GO KODK In a deal aimed at reducing U.S. reliance on China, the federal government announced Tuesday that it plans to give Eastman Kodak a $765 million loan to start producing the chemical ingredients needed to make pharmaceuticals. Support our journalism. Subscribe today.",2021-01-30 23:37:16
27398,27398,glj0w6n,1612160828.0,Just got my KODK!!,2021-01-31 23:27:08
